PC1,PC2,PC3,PC4,PC5,sample_id,accession,keloid_binary,processed_modality
-1.7560711918411052,0.1672730969975318,0.11996078726557592,0.05831449141688232,-0.822608871687469,GSM194104,GSE7890,keloid,microarray
0.24287147002831275,2.390877039921933,-3.342327581069274,-0.4921310998135962,1.0016150730206557,GSM194105,GSE7890,keloid,microarray
1.5737277517071726,-0.6027865968668003,-0.6659406602074209,0.934613516500309,0.6199859932591194,GSM194106,GSE7890,keloid,microarray
0.6731618236453281,-0.23750575630446152,-0.7082597451819174,0.14333195796119766,0.1398897343784058,GSM194107,GSE7890,keloid,microarray
-1.1171026961239283,0.46548193200232213,0.052976813293656465,-0.5141037202891124,1.0674531401172855,GSM194108,GSE7890,keloid,microarray
3.129155386399768,-1.30283029669976,-0.3692976488201033,1.0339369966309002,1.2568343763796843,GSM194109,GSE7890,keloid,microarray
0.8676943978143721,0.1360189658469093,0.3990420182102708,0.08011549067974753,1.3941021803213778,GSM194110,GSE7890,keloid,microarray
0.9737424402818162,-0.6341372890450071,0.40202863035052994,-0.3293300129732343,1.5561024063119135,GSM194111,GSE7890,keloid,microarray
-0.8161969578976066,0.6516311328781429,1.7057157776411276,-0.12678620001432345,-1.1089996202610346,GSM194112,GSE7890,keloid,microarray
0.10473071768299702,2.1114815703715246,-2.2363323695901127,-0.711452921075363,0.5570118059107811,GSM194113,GSE7890,keloid,microarray
-0.9822996574469874,-0.5167184872458203,-0.006422539498117199,0.3021007392246831,-0.9424677712319159,GSM194114,GSE7890,non_keloid,microarray
-1.2108552103405603,-0.009353890103966036,0.5332416149881384,-0.3355553550109842,-0.7012489849228482,GSM194115,GSE7890,non_keloid,microarray
-1.3431523876192424,0.2142325520060136,0.9409196661950087,0.17781017851031813,-0.599173593013284,GSM194116,GSE7890,non_keloid,microarray
-2.684438579278867,0.23950430778107737,0.872753462662747,-0.6187274242841334,-0.3253850268548062,GSM194117,GSE7890,non_keloid,microarray
-1.7584011181628567,-0.583251618261126,0.5264200958437079,-0.8693922899732129,-0.32828104406286157,GSM194118,GSE7890,non_keloid,microarray
0.4502566410966382,-0.7591640852045304,0.4733465796882455,0.32703194993591445,-0.31352042156076354,GSM194119,GSE7890,non_keloid,microarray
0.04243358072539279,-0.4385389367565017,0.6884980058081029,-0.16224130531646863,-1.5568321458371235,GSM194120,GSE7890,non_keloid,microarray
1.493273481824011,-0.1619730484422731,0.5297137815073489,0.8927866003000716,-1.123744738186377,GSM194121,GSE7890,non_keloid,microarray
2.1174701075053575,-1.1302405928752115,0.08396331091248793,0.20967840759040662,0.22926750791926803,GSM194122,GSE7890,non_keloid,microarray
-1.6354355089138206,2.0474552591966275,-2.0899544000413597,0.5673112290542541,-0.6616299306542174,GSM2432365,GSE92566,keloid,microarray
2.2406318536765912,0.07739420427818185,0.6833905565203036,-0.8238945867137867,0.04555343007432466,GSM2432366,GSE92566,keloid,microarray
-2.0423694455219206,0.13031691461872585,-1.5227455016944493,0.1571061303903869,0.1489226387770339,GSM2432367,GSE92566,keloid,microarray
0.5769109237018032,-0.6514828023260402,1.1572038286762965,-0.34099923276981875,0.316405365055942,GSM2432368,GSE92566,keloid,microarray
1.899610864065372,-1.019023661344307,1.2200398237704189,0.12959312902824321,-0.5627509294981848,GSM2432369,GSE92566,keloid,microarray
-3.519283054065744,-0.9036651255487577,0.31246437596941545,0.05081998876440794,0.4596926784730872,GSM2432370,GSE92566,keloid,microarray
2.4799343670577256,0.31900521112557895,0.23960131679938748,0.2600633422463174,0.25380674777201495,GSM2432371,GSE92566,keloid,microarray
-0.785029720484582,-0.6328843221175057,0.7465236998354181,-0.4243031996295989,-0.2566468942216787,GSM2396556,GSE90051,exclude,microarray
-1.6599401108302214,0.05195950804628111,1.0033389662250647,-0.35438295711585466,-0.5947148906975622,GSM2396557,GSE90051,exclude,microarray
1.5746001321908822,-0.8883453998749636,-0.5239429441370796,1.2667954014520433,1.0797217386194131,GSM2396558,GSE90051,exclude,microarray
4.410051827744103,-0.35059394075904476,1.3845771757559011,0.3123856416542136,-0.342758879433589,GSM2396559,GSE90051,exclude,microarray
-0.044090836239858926,-0.8701348620209268,0.509989212678971,-0.0762211023011836,0.2754116689572895,GSM2396560,GSE90051,exclude,microarray
-2.3417520649919887,1.092423877463117,-1.5770986529974447,-0.6205189498466469,0.04516130774045757,GSM2396561,GSE90051,exclude,microarray
-1.1538392273883336,1.5975751392630428,-1.5433874573608306,-0.10375483421297119,-0.20617405096432798,GSM2396562,GSE90051,exclude,microarray
-8.296323189463521e-17,-1.0759021579297416e-16,-9.146346568631414e-17,3.1117692250873403e-18,1.3939495810076864e-16,GSM1081582,GSE44270,keloid,microarray
-8.296323189463521e-17,-1.0759021579297416e-16,-9.146346568631414e-17,3.1117692250873403e-18,1.3939495810076864e-16,GSM1081583,GSE44270,keloid,microarray
-8.296323189463521e-17,-1.0759021579297416e-16,-9.146346568631414e-17,3.1117692250873403e-18,1.3939495810076864e-16,GSM1081584,GSE44270,keloid,microarray
-8.296323189463521e-17,-1.0759021579297416e-16,-9.146346568631414e-17,3.1117692250873403e-18,1.3939495810076864e-16,GSM1081585,GSE44270,keloid,microarray
-8.296323189463521e-17,-1.0759021579297416e-16,-9.146346568631414e-17,3.1117692250873403e-18,1.3939495810076864e-16,GSM1081586,GSE44270,keloid,microarray
-8.296323189463521e-17,-1.0759021579297416e-16,-9.146346568631414e-17,3.1117692250873403e-18,1.3939495810076864e-16,GSM1081587,GSE44270,keloid,microarray
-8.296323189463521e-17,-1.0759021579297416e-16,-9.146346568631414e-17,3.1117692250873403e-18,1.3939495810076864e-16,GSM1081588,GSE44270,keloid,microarray
-8.296323189463521e-17,-1.0759021579297416e-16,-9.146346568631414e-17,3.1117692250873403e-18,1.3939495810076864e-16,GSM1081589,GSE44270,keloid,microarray
-8.296323189463521e-17,-1.0759021579297416e-16,-9.146346568631414e-17,3.1117692250873403e-18,1.3939495810076864e-16,GSM1081590,GSE44270,keloid,microarray
-8.296323189463521e-17,-1.0759021579297416e-16,-9.146346568631414e-17,3.1117692250873403e-18,1.3939495810076864e-16,GSM1081591,GSE44270,keloid,microarray
-8.296323189463521e-17,-1.0759021579297416e-16,-9.146346568631414e-17,3.1117692250873403e-18,1.3939495810076864e-16,GSM1081592,GSE44270,keloid,microarray
-8.296323189463521e-17,-1.0759021579297416e-16,-9.146346568631414e-17,3.1117692250873403e-18,1.3939495810076864e-16,GSM1081593,GSE44270,keloid,microarray
-8.296323189463521e-17,-1.0759021579297416e-16,-9.146346568631414e-17,3.1117692250873403e-18,1.3939495810076864e-16,GSM1081594,GSE44270,keloid,microarray
-8.296323189463521e-17,-1.0759021579297416e-16,-9.146346568631414e-17,3.1117692250873403e-18,1.3939495810076864e-16,GSM1081595,GSE44270,keloid,microarray
-8.296323189463521e-17,-1.0759021579297416e-16,-9.146346568631414e-17,3.1117692250873403e-18,1.3939495810076864e-16,GSM1081596,GSE44270,keloid,microarray
-8.296323189463521e-17,-1.0759021579297416e-16,-9.146346568631414e-17,3.1117692250873403e-18,1.3939495810076864e-16,GSM1081597,GSE44270,keloid,microarray
-8.296323189463521e-17,-1.0759021579297416e-16,-9.146346568631414e-17,3.1117692250873403e-18,1.3939495810076864e-16,GSM1081598,GSE44270,keloid,microarray
-8.296323189463521e-17,-1.0759021579297416e-16,-9.146346568631414e-17,3.1117692250873403e-18,1.3939495810076864e-16,GSM1081599,GSE44270,keloid,microarray
-8.296323189463521e-17,-1.0759021579297416e-16,-9.146346568631414e-17,3.1117692250873403e-18,1.3939495810076864e-16,GSM1081600,GSE44270,non_keloid,microarray
-8.296323189463521e-17,-1.0759021579297416e-16,-9.146346568631414e-17,3.1117692250873403e-18,1.3939495810076864e-16,GSM1081601,GSE44270,non_keloid,microarray
-8.296323189463521e-17,-1.0759021579297416e-16,-9.146346568631414e-17,3.1117692250873403e-18,1.3939495810076864e-16,GSM1081602,GSE44270,non_keloid,microarray
-8.296323189463521e-17,-1.0759021579297416e-16,-9.146346568631414e-17,3.1117692250873403e-18,1.3939495810076864e-16,GSM1081603,GSE44270,non_keloid,microarray
-8.296323189463521e-17,-1.0759021579297416e-16,-9.146346568631414e-17,3.1117692250873403e-18,1.3939495810076864e-16,GSM1081604,GSE44270,non_keloid,microarray
-8.296323189463521e-17,-1.0759021579297416e-16,-9.146346568631414e-17,3.1117692250873403e-18,1.3939495810076864e-16,GSM1081605,GSE44270,non_keloid,microarray
-8.296323189463521e-17,-1.0759021579297416e-16,-9.146346568631414e-17,3.1117692250873403e-18,1.3939495810076864e-16,GSM1081606,GSE44270,non_keloid,microarray
-8.296323189463521e-17,-1.0759021579297416e-16,-9.146346568631414e-17,3.1117692250873403e-18,1.3939495810076864e-16,GSM1081607,GSE44270,non_keloid,microarray
-8.296323189463521e-17,-1.0759021579297416e-16,-9.146346568631414e-17,3.1117692250873403e-18,1.3939495810076864e-16,GSM1081608,GSE44270,non_keloid,microarray
-8.296323189463521e-17,-1.0759021579297416e-16,-9.146346568631414e-17,3.1117692250873403e-18,1.3939495810076864e-16,GSM1081609,GSE44270,non_keloid,microarray
-8.296323189463521e-17,-1.0759021579297416e-16,-9.146346568631414e-17,3.1117692250873403e-18,1.3939495810076864e-16,GSM1081610,GSE44270,non_keloid,microarray
-8.296323189463521e-17,-1.0759021579297416e-16,-9.146346568631414e-17,3.1117692250873403e-18,1.3939495810076864e-16,GSM1081611,GSE44270,non_keloid,microarray
-8.296323189463521e-17,-1.0759021579297416e-16,-9.146346568631414e-17,3.1117692250873403e-18,1.3939495810076864e-16,GSM1081612,GSE44270,non_keloid,microarray
-8.296323189463521e-17,-1.0759021579297416e-16,-9.146346568631414e-17,3.1117692250873403e-18,1.3939495810076864e-16,GSM1081613,GSE44270,non_keloid,microarray
2.3497156605497764,2.649838208054368,0.3565224491653825,4.082278638953627,0.8290981555088351,GSM71671,GSE3189,exclude,microarray
2.7628247387622373,0.5497017852997079,2.4993022157067384,1.4577742445267288,1.7787038254168217,GSM71672,GSE3189,exclude,microarray
1.8658118476693095,3.061417708740335,3.3460687014406827,2.230963079046286,0.033047754835797534,GSM71673,GSE3189,exclude,microarray
1.7725016457299825,2.041537518475048,1.1492849007966428,3.1096829930729157,0.5790319450125994,GSM71674,GSE3189,exclude,microarray
1.3047503300270347,0.9194699836301016,2.072996301909399,1.548723356261231,-0.3521985595485,GSM71675,GSE3189,exclude,microarray
2.106493221197062,0.5054594895721078,0.12558970966681626,1.7818419135118089,-0.36991624179600735,GSM71676,GSE3189,exclude,microarray
-0.35450048554036884,0.1229960991988945,0.47780713501304956,2.191431529372674,0.25138384428060034,GSM71677,GSE3189,exclude,microarray
-0.6410269243746429,0.6078996831578063,-1.1227480663585638,-0.6717265045604617,-0.9577933555249939,GSM71678,GSE3189,exclude,microarray
-1.2639589025142592,-0.14593145428748555,-0.8147608807768514,-0.6313321779695789,0.029090459181195263,GSM71679,GSE3189,exclude,microarray
6.451261589437174,4.3262297774588205,-1.9150233039231974,4.4330541056553,0.08633748967027195,GSM71680,GSE3189,exclude,microarray
2.8410195179008144,-1.065988548816564,-0.41273735522270355,0.25045692652204465,0.2854209114658227,GSM71681,GSE3189,exclude,microarray
-0.056721675653564334,-0.1365730191775135,0.026955620799655567,-1.0367276211267542,0.5817478871674344,GSM71682,GSE3189,exclude,microarray
-1.81470436506701,-1.3173548437937708,-0.04801474272568116,-0.24489848099623163,1.172432471900092,GSM71683,GSE3189,exclude,microarray
-1.3710334813986147,-0.7202898015680712,-0.056354331001218325,0.1431372653368486,-0.2879680645875146,GSM71684,GSE3189,exclude,microarray
0.44538723340642977,-0.05781341298581328,0.12229300243512085,-0.10237355033977004,0.012609407699235064,GSM71685,GSE3189,exclude,microarray
-0.8301229992803641,-0.7607362408111783,-0.09610768246871987,-0.5005361224654673,0.7895145660997971,GSM71686,GSE3189,exclude,microarray
-0.9061751949016956,-1.1978329254711058,0.30912139156549623,0.4004230230257863,1.787652143658565,GSM71687,GSE3189,exclude,microarray
-0.943814864099049,-0.8169116769293514,-0.3432611159510795,-0.05121603478051617,0.5877857843465539,GSM71688,GSE3189,exclude,microarray
-0.459765974992821,-1.1162100353911237,0.30200459159308507,-0.43667326240328336,1.6941539167698965,GSM71689,GSE3189,exclude,microarray
1.143355532775096,0.02075554467860114,-0.8158226102713222,-1.8784055720654418,1.8204473232519016,GSM71690,GSE3189,exclude,microarray
-1.4051979335945628,-1.0396220849633673,-0.4889028606619424,-0.29891923958404903,1.586330776403355,GSM71691,GSE3189,exclude,microarray
-0.5160518787203192,-0.3370230549319015,1.4495268512724846,0.3371281353917938,1.4490475992332528,GSM71692,GSE3189,exclude,microarray
-1.5865898830125154,-1.091947536975508,0.2068892514946705,-0.17495947979563214,1.6094042143129526,GSM71693,GSE3189,exclude,microarray
-1.987212110189733,-0.15143759786110098,0.8348246223919078,0.31712382678170364,-0.3248394787327992,GSM71694,GSE3189,exclude,microarray
-0.30347890919589177,-0.3133772774157919,0.05406608015256425,-0.8192580199508752,1.1294189475581182,GSM71695,GSE3189,exclude,microarray
-0.7867895480818053,-0.12497744374028699,0.22925277724327028,-0.08916744185821217,-1.026495761302746,GSM71696,GSE3189,exclude,microarray
-0.3750420438477228,-0.21315522110404783,-0.1030849576673883,-0.7575987466036213,-0.6152983360521006,GSM71697,GSE3189,exclude,microarray
-0.40089033431947213,-0.0780944187985678,-0.06658437137699719,-0.20988218849443102,0.2237470425590063,GSM71698,GSE3189,exclude,microarray
-0.009741730054422006,1.2356812939756123,-1.3872343621367644,-1.0308107796537715,0.20881329306031285,GSM71699,GSE3189,exclude,microarray
-0.5863932763523797,-0.3324274909960738,-0.3784021872531226,-0.812783190571045,0.08785536195775992,GSM71700,GSE3189,exclude,microarray
-1.0756833329185207,0.06571094351300466,0.44186042313092405,0.4580276631318825,-0.5870455398027864,GSM71701,GSE3189,exclude,microarray
0.19214060817744216,0.6526244463477516,-0.47385334223008274,-1.1124445314304894,-0.609007776668509,GSM71702,GSE3189,exclude,microarray
-1.0400230912582802,-0.5040281882286352,-0.7476678113405676,-0.19951343673247007,-0.030850091254076697,GSM71703,GSE3189,exclude,microarray
-0.7411574339419049,-0.009907317480081666,0.09018028989801215,-0.30814116591421115,-0.9041923232411372,GSM71704,GSE3189,exclude,microarray
-0.482094934917305,-0.06864547412508709,0.07254274720814746,-0.38152480270844163,-0.49864060290920437,GSM71705,GSE3189,exclude,microarray
-1.7469091519554414,-0.511848896187612,0.07675250409892947,0.30700660943050045,-0.6649176421236231,GSM71706,GSE3189,exclude,microarray
-1.7311203198080163,-0.14705396735851664,0.0077697122846104435,0.13928990364588323,-1.1408999191215674,GSM71707,GSE3189,exclude,microarray
-1.1287516728016251,0.15392193754357383,0.11712773512444835,-0.17221106944879155,-1.0847881288391525,GSM71708,GSE3189,exclude,microarray
8.41459721944492,-0.5307971223096513,1.4393494970602598,-1.5100866584415542,0.07670986503206742,GSM71709,GSE3189,exclude,microarray
-1.0444110026295892,-0.706183419352365,-0.05148431759490386,0.025419156324607842,-0.7303107630559765,GSM71710,GSE3189,exclude,microarray
-0.669347035374145,-0.8307401875621977,0.18503675115900584,0.08365275137826726,-0.3271574731405946,GSM71711,GSE3189,exclude,microarray
1.4720285216895492,-1.9034798313752728,-0.35493173323675886,-1.3187786860877193,3.3188503578985604,GSM71712,GSE3189,exclude,microarray
-2.641378697223809,-0.5996943224139516,0.027455745441631967,0.742508931736495,-0.9028164661667142,GSM71713,GSE3189,exclude,microarray
-0.820688836924932,-0.2361051162206732,0.3517088933219357,0.00805330740316334,-0.37425665318577794,GSM71714,GSE3189,exclude,microarray
-0.037584790596959225,0.2246738691717822,0.23876788743926602,-0.5232301219672288,-1.387328096865739,GSM71715,GSE3189,exclude,microarray
-0.32295093942975445,-0.16249444716346262,0.377247792697925,-0.3488726178750833,-1.0886098286953083,GSM71716,GSE3189,exclude,microarray
-1.6887483817411615,-0.12298553653783288,0.5181784055403921,0.465575183037993,-0.7504899988075754,GSM71717,GSE3189,exclude,microarray
0.015067175525895388,0.20276782185751746,0.10101041065004034,-0.3578449836692079,-0.44082132476900115,GSM71718,GSE3189,exclude,microarray
0.8247765523271328,-0.6402858102203319,0.016735775852126454,-0.7895313000457087,0.9367689586945325,GSM71719,GSE3189,exclude,microarray
1.379000137215703,1.3793796099067275,-1.7279632669703586,-1.923080328347104,0.26076016696133225,GSM71720,GSE3189,exclude,microarray
-0.19358944108732437,-0.19249541169280904,0.6656396560893632,0.3120695015457471,-0.48282611028455014,GSM71721,GSE3189,exclude,microarray
-0.512112818675617,-0.2082986135867956,-0.3644591723596208,-0.3767068949764106,0.11581751302126603,GSM71722,GSE3189,exclude,microarray
-0.297599585603305,0.32265199991703386,-1.093420945068222,-1.064761783883506,0.10371159685961191,GSM71723,GSE3189,exclude,microarray
0.4741077065235241,-0.28386614985041797,-0.09084482804749958,-0.5571311633037676,0.7576025646102263,GSM71724,GSE3189,exclude,microarray
0.2538340049307704,-1.3502400249828677,-0.3632214447650086,-0.40957234626778644,-0.7960450620690209,GSM71725,GSE3189,exclude,microarray
0.3978884549810794,0.016419674904802412,0.39390329808797764,-0.3904833337361895,-1.5742441404300747,GSM71726,GSE3189,exclude,microarray
-0.13974937349501634,0.21561150390716183,-0.40569049017217,0.14195774755132945,-0.18157198519338766,GSM71727,GSE3189,exclude,microarray
-0.9854658009486534,-0.24512505460754286,-0.10395220802164849,0.11824282555655509,0.08782353519345722,GSM71728,GSE3189,exclude,microarray
3.326761521308457,2.929731259088085,-3.2921152840298853,-2.4840222121669147,0.043307541393977855,GSM71729,GSE3189,exclude,microarray
0.3254607566570728,0.3782076247682811,-0.026763094295243227,0.4650926257700042,-0.6936292084754083,GSM71730,GSE3189,exclude,microarray
0.29835303276058067,-0.46084842386345926,-0.06943399292576437,-0.37371086078143917,-0.3985609225333666,GSM71731,GSE3189,exclude,microarray
0.3023293815959448,0.22269558533293152,0.1943465551698683,-0.13548384807297537,-1.2237099807935745,GSM71732,GSE3189,exclude,microarray
0.01192589981967124,0.08963508172647197,-0.4960193678105948,-0.864371246970747,-0.30398216430205416,GSM71733,GSE3189,exclude,microarray
-1.3664553769556735,-0.34094727167045497,-0.39507990571258655,0.321421499216262,-0.5362661236223331,GSM71734,GSE3189,exclude,microarray
-0.9081033749363606,-0.28589577938075184,-0.26329294555563815,-0.16897400113827127,-0.1971800268275578,GSM71735,GSE3189,exclude,microarray
-1.8518195437823717,-0.3841526367948248,-0.1236963970725626,0.5074274311936695,-0.681538618534152,GSM71736,GSE3189,exclude,microarray
-1.1739014240730397,-0.20815427291946192,0.10233445478174948,-0.015580222538197186,-0.8829749732140141,GSM71737,GSE3189,exclude,microarray
-0.776043267036727,-0.5191926276381623,-0.3432570012331879,-0.3033179321810137,-0.2161760061202918,GSM71738,GSE3189,exclude,microarray
-0.28708695577340865,-0.4850776688612962,0.020980907232315587,-0.3352791632963775,-0.2393895536489531,GSM71739,GSE3189,exclude,microarray
-0.46940319133252467,0.06122920817661379,-0.16524866867803845,-0.20784104918034607,-0.4496899187750745,GSM71740,GSE3189,exclude,microarray
1.9746323760765783,-1.573555826273826,0.8768841750679752,1.274590511392242,1.0180197399561717,GSM4331585,GSE145725,keloid,microarray
2.088297653498847,-1.7759092107547916,0.9456472172049736,0.8917750511313485,1.074762966004657,GSM4331586,GSE145725,keloid,microarray
-1.5072284307185726,-1.2439482194767217,1.684196144337518,-0.26221813886737727,1.0080776109551988,GSM4331587,GSE145725,keloid,microarray
1.3295211402289673,1.0400278573456947,-1.7313095361131023,0.7111354964648322,1.285953391029275,GSM4331588,GSE145725,keloid,microarray
1.517623953564898,1.6859451366355684,-2.0228652213767897,-0.13675841113753562,0.9985809155216074,GSM4331589,GSE145725,keloid,microarray
1.1961489944088746,1.12861823471665,0.705371683523934,-0.5296715488791026,-1.240463783819702,GSM4331590,GSE145725,keloid,microarray
1.188569050396386,0.871767015386577,0.5224874649734166,-0.4960839194858302,-1.1717727215193714,GSM4331591,GSE145725,keloid,microarray
0.15815535268782877,-1.4796685186886074,0.016434881848064315,0.4342282481645472,0.442217963614788,GSM4331592,GSE145725,keloid,microarray
-0.0239040975251679,-2.087196588159049,-0.10172074971142048,0.8465642175067354,0.6684796363696548,GSM4331593,GSE145725,keloid,microarray
-0.683409629076807,-0.5565189027240889,-0.4735932265753163,0.31666674349789176,-0.6168365974566731,GSM4331594,GSE145725,non_keloid,microarray
-0.05351885181220563,0.09475218318195741,-1.0514648637236825,0.9259573023033704,-1.0612354679518115,GSM4331595,GSE145725,non_keloid,microarray
-1.8379365975385142,1.3792009735442612,0.1115972830810712,-0.5890174356629122,-1.5034526545992697,GSM4331596,GSE145725,non_keloid,microarray
-2.001475547218822,0.1609397642980172,0.22046099214283932,-0.6209527828023699,-1.0852305920969028,GSM4331597,GSE145725,non_keloid,microarray
-0.7120570977929517,1.5020280917541438,0.4156744355288265,-2.0691426817614795,0.6819115101399278,GSM4331598,GSE145725,non_keloid,microarray
-1.1034194717077301,1.7135210456128878,0.7367278290889436,-2.1332398474325553,0.9460214173269194,GSM4331599,GSE145725,non_keloid,microarray
-0.41969862427203924,-0.5800032632176463,-0.2690383622750917,0.29448834606456825,-0.1447983995895466,GSM4331600,GSE145725,non_keloid,microarray
-0.2158528087674621,-0.7285941067309063,-0.4433422480419599,0.06806847706824137,-0.35843220403830206,GSM4331601,GSE145725,non_keloid,microarray
-0.9440468513733858,-0.37865935467409634,-0.5818422986542844,0.1713772896407197,-0.6786587298811821,GSM4331602,GSE145725,non_keloid,microarray
0.0495994869413135,0.8272536882239455,0.43969439967411283,0.9022330827946712,-0.26314399996544224,GSM4331603,GSE145725,non_keloid,microarray
-2.5094035158164973,0.606855205261958,-0.7071808665930707,-0.38013542826473656,0.5038834947625556,JKR491-163/BA_Normal_Normal_410,GSE158395,non_keloid,bulk_rnaseq
3.181505650597592,-1.3585296927513135,2.300416842191153,-0.09852350709475269,-0.004677788650184097,JKR782-003_Keloid_LS_K5,GSE158395,keloid,bulk_rnaseq
1.4248079615307936,-1.296006454248766,0.7717402912231068,-1.1208218751772965,0.28627969760546634,JKR782-003_Keloid_LS_K4,GSE158395,keloid,bulk_rnaseq
-0.529047280902179,0.6743172316645488,0.2560286579737954,-0.3961255629933386,0.7134049764343428,JKR782-004_Keloid_NL_K6,GSE158395,keloid,bulk_rnaseq
2.044249443237932,-1.9642538129416176,1.2281307939282344,-1.1842484606293122,-0.0860272138527898,JKR782-001_Keloid_LS_K2,GSE158395,keloid,bulk_rnaseq
0.06069480375064481,1.3190402743461114,-2.339095440664021,0.7891251867724733,0.007241609207272143,N2_Normal_Normal_N2,GSE158395,non_keloid,bulk_rnaseq
-0.44148148921786834,0.07024928372725675,-0.25672493536381796,0.6162805237851215,-0.04343970803934853,JKR782-003_Keloid_NL_K3,GSE158395,keloid,bulk_rnaseq
-1.14655671966997,0.3536121411832959,1.1711871646369787,-0.31685030939218883,-0.4134015930761657,N20_Normal_Normal_N20,GSE158395,non_keloid,bulk_rnaseq
-0.16860904399448554,1.352067041963308,-0.8146095867707884,-0.04566868606658477,-0.24179900679450406,N3_Normal_Normal_N3,GSE158395,non_keloid,bulk_rnaseq
-2.4876672970218934,0.08929965616196751,0.034899260607265385,0.3738448623952626,-0.1798658841838807,N19_Normal_Normal_N19,GSE158395,non_keloid,bulk_rnaseq
0.22111509138565982,1.574471247774704,-1.7412034912692318,1.1009586041647517,-0.36343187599452076,N1_Normal_Normal_N1,GSE158395,non_keloid,bulk_rnaseq
2.517177632588664,-1.5236644663149974,2.4785115772261865,-0.024181527632662382,-0.04012618617990545,JKR782-004_Keloid_LS_K7,GSE158395,keloid,bulk_rnaseq
-2.1667852364684257,0.1025423441735492,-2.3821002671257743,0.686346180133223,-0.13804052123837113,JKR782-001_Keloid_NL_K1,GSE158395,keloid,bulk_rnaseq
-0.5877704124154007,-1.432496534685653,0.0034183234840941155,-1.174543192831634,-0.5200293046726043,Keloid_01,GSE188952,keloid,bulk_rnaseq
-2.6950601477743223,-0.6281033846483598,0.04704266833923081,-0.7164096981348733,-0.48250830887558477,Keloid_02,GSE188952,keloid,bulk_rnaseq
-0.5359202959732007,-1.6791607564770559,0.5958117249997207,0.5861154718665571,-1.5413724115272391,Keloid_03,GSE188952,keloid,bulk_rnaseq
-0.013367433449717097,-0.5509417006462661,0.13885745955072354,-0.3693714990915853,-0.045816479813858654,Keloid_04,GSE188952,keloid,bulk_rnaseq
0.8189947754483943,-0.8413459364211262,0.23359061822760185,-0.4127910157795125,0.5549539542363011,HypertrophicScar_01,GSE188952,non_keloid,bulk_rnaseq
1.8832412697915206,-1.2200002340420288,0.5021713392989374,0.6802695607145022,0.8859475868890384,HypertrophicScar_02,GSE188952,non_keloid,bulk_rnaseq
2.229413022309047,-0.923336673468289,0.43111880831030835,-0.5197478662571952,0.3380631563527086,HypertrophicScar_03,GSE188952,non_keloid,bulk_rnaseq
2.190415700966307,1.4679129010034586,-0.7055171029493122,0.3281330729470061,0.6401084469382197,HypertrophicScar_04,GSE188952,non_keloid,bulk_rnaseq
0.1345606868177753,1.5577448829841818,0.35402969337396684,0.40080323097990556,-0.46477185221096573,HypertrophicScar_05,GSE188952,non_keloid,bulk_rnaseq
-0.37910500604889286,0.4278396678799292,0.19144393492132447,0.7037507480272152,0.04300015103248565,NormotrophicScar_01,GSE188952,non_keloid,bulk_rnaseq
-2.510564407030548,4.279864528466576,-2.0498440364140817,0.874971842765703,0.5981386186956157,NormotrophicScar_02,GSE188952,non_keloid,bulk_rnaseq
-0.534837752640967,-0.45797675994537546,0.25787656885748156,-0.38118065520609473,-0.005713557044102463,NormotrophicScar_03,GSE188952,non_keloid,bulk_rnaseq
-8.296323189463521e-17,-1.0759021579297416e-16,-9.146346568631414e-17,3.1117692250873403e-18,1.3939495810076864e-16,Control_N_1,Sun_Burns,non_keloid,bulk_rnaseq
-8.296323189463521e-17,-1.0759021579297416e-16,-9.146346568631414e-17,3.1117692250873403e-18,1.3939495810076864e-16,Control_N_2,Sun_Burns,non_keloid,bulk_rnaseq
-8.296323189463521e-17,-1.0759021579297416e-16,-9.146346568631414e-17,3.1117692250873403e-18,1.3939495810076864e-16,Control_N_3,Sun_Burns,non_keloid,bulk_rnaseq
-8.296323189463521e-17,-1.0759021579297416e-16,-9.146346568631414e-17,3.1117692250873403e-18,1.3939495810076864e-16,Control_N_4,Sun_Burns,non_keloid,bulk_rnaseq
-8.296323189463521e-17,-1.0759021579297416e-16,-9.146346568631414e-17,3.1117692250873403e-18,1.3939495810076864e-16,Control_N_5,Sun_Burns,non_keloid,bulk_rnaseq
-8.296323189463521e-17,-1.0759021579297416e-16,-9.146346568631414e-17,3.1117692250873403e-18,1.3939495810076864e-16,Control_N_6,Sun_Burns,non_keloid,bulk_rnaseq
-8.296323189463521e-17,-1.0759021579297416e-16,-9.146346568631414e-17,3.1117692250873403e-18,1.3939495810076864e-16,Control_N_7,Sun_Burns,non_keloid,bulk_rnaseq
-8.296323189463521e-17,-1.0759021579297416e-16,-9.146346568631414e-17,3.1117692250873403e-18,1.3939495810076864e-16,Control_N_8,Sun_Burns,non_keloid,bulk_rnaseq
-8.296323189463521e-17,-1.0759021579297416e-16,-9.146346568631414e-17,3.1117692250873403e-18,1.3939495810076864e-16,Treat_K_1,Sun_Burns,keloid,bulk_rnaseq
-8.296323189463521e-17,-1.0759021579297416e-16,-9.146346568631414e-17,3.1117692250873403e-18,1.3939495810076864e-16,Treat_K_2,Sun_Burns,keloid,bulk_rnaseq
-8.296323189463521e-17,-1.0759021579297416e-16,-9.146346568631414e-17,3.1117692250873403e-18,1.3939495810076864e-16,Treat_K_3,Sun_Burns,keloid,bulk_rnaseq
-8.296323189463521e-17,-1.0759021579297416e-16,-9.146346568631414e-17,3.1117692250873403e-18,1.3939495810076864e-16,Treat_K_4,Sun_Burns,keloid,bulk_rnaseq
-8.296323189463521e-17,-1.0759021579297416e-16,-9.146346568631414e-17,3.1117692250873403e-18,1.3939495810076864e-16,Treat_K_5,Sun_Burns,keloid,bulk_rnaseq
-8.296323189463521e-17,-1.0759021579297416e-16,-9.146346568631414e-17,3.1117692250873403e-18,1.3939495810076864e-16,Treat_K_6,Sun_Burns,keloid,bulk_rnaseq
-8.296323189463521e-17,-1.0759021579297416e-16,-9.146346568631414e-17,3.1117692250873403e-18,1.3939495810076864e-16,Treat_K_7,Sun_Burns,keloid,bulk_rnaseq
-8.296323189463521e-17,-1.0759021579297416e-16,-9.146346568631414e-17,3.1117692250873403e-18,1.3939495810076864e-16,Treat_K_8,Sun_Burns,keloid,bulk_rnaseq
-8.296323189463521e-17,-1.0759021579297416e-16,-9.146346568631414e-17,3.1117692250873403e-18,1.3939495810076864e-16,Treat_K_9,Sun_Burns,keloid,bulk_rnaseq
-8.296323189463521e-17,-1.0759021579297416e-16,-9.146346568631414e-17,3.1117692250873403e-18,1.3939495810076864e-16,Treat_K_10,Sun_Burns,keloid,bulk_rnaseq
-8.296323189463521e-17,-1.0759021579297416e-16,-9.146346568631414e-17,3.1117692250873403e-18,1.3939495810076864e-16,Treat_K_11,Sun_Burns,keloid,bulk_rnaseq
-8.296323189463521e-17,-1.0759021579297416e-16,-9.146346568631414e-17,3.1117692250873403e-18,1.3939495810076864e-16,Treat_K_12,Sun_Burns,keloid,bulk_rnaseq
-8.296323189463521e-17,-1.0759021579297416e-16,-9.146346568631414e-17,3.1117692250873403e-18,1.3939495810076864e-16,Treat_K_13,Sun_Burns,keloid,bulk_rnaseq
-8.296323189463521e-17,-1.0759021579297416e-16,-9.146346568631414e-17,3.1117692250873403e-18,1.3939495810076864e-16,Treat_K_14,Sun_Burns,keloid,bulk_rnaseq
-8.296323189463521e-17,-1.0759021579297416e-16,-9.146346568631414e-17,3.1117692250873403e-18,1.3939495810076864e-16,Treat_K_15,Sun_Burns,keloid,bulk_rnaseq
-8.296323189463521e-17,-1.0759021579297416e-16,-9.146346568631414e-17,3.1117692250873403e-18,1.3939495810076864e-16,Treat_K_16,Sun_Burns,keloid,bulk_rnaseq
-8.296323189463521e-17,-1.0759021579297416e-16,-9.146346568631414e-17,3.1117692250873403e-18,1.3939495810076864e-16,Treat_K_17,Sun_Burns,keloid,bulk_rnaseq
-0.6313045635758568,1.848505209202023,-0.09526246929834159,0.2458510681062989,-0.03377843927563986,GSE175866_KF_other_keloid_fibroblasts,GSE175866,keloid,scrna_spatial
0.6313045635758574,-1.8485052092020235,0.09526246929834174,-0.2458510681062989,0.033778439275637825,GSE175866_KZ_CD266pos_CD9neg_fibroblasts,GSE175866,keloid,scrna_spatial
-0.30014471234906964,2.6440083281470574,1.4030201501930875,-0.7220762326351611,0.9198702975310648,GSE163973_KF1_Endothelial,GSE163973,keloid,scrna_spatial
3.1430049755843847,-0.8659479586389601,-0.35620160198476125,-0.49274885927826195,0.05457490465315683,GSE163973_KF1_Fibroblast,GSE163973,keloid,scrna_spatial
-2.874393028171455,-1.1201950218796142,-0.788925064019946,0.3889104688393679,1.044032273398541,GSE163973_KF1_Keratinocyte,GSE163973,keloid,scrna_spatial
0.5395615929316747,0.7796718835446466,0.4819113418164099,0.32477552774505836,0.2464851662678882,GSE163973_KF1_Unknown,GSE163973,keloid,scrna_spatial
0.39867051077115184,0.9004001773944116,-2.2027266602174342,1.3850005538183157,-0.03911029717172978,GSE163973_KF1_muscle_fiber,GSE163973,keloid,scrna_spatial
-0.37221019299325214,1.433011505944282,1.7151308954046178,0.10437223285660953,0.2778129384808152,GSE163973_KF1_Lymphatic_endothelial,GSE163973,keloid,scrna_spatial
-0.2498836288853832,-0.6481374653852039,0.7787524774262761,0.29488595877127155,0.11556140953010222,GSE163973_KF1_Immune_cell,GSE163973,keloid,scrna_spatial
-4.983016233953497,-0.6134103969229774,-0.10865339572642724,0.4715171719932358,0.9590586212125433,GSE163973_KF1_Glandular,GSE163973,keloid,scrna_spatial
0.9906758284513744,0.7552044792294058,0.08605373344806981,-0.6412067624285134,-1.249124019487981,GSE163973_KF1_Neural_cell,GSE163973,keloid,scrna_spatial
-0.42923036912707735,2.6194445215386146,1.718512818119698,-0.8347716046527397,0.9389536573034419,GSE163973_KF1_Endothelial_cluster_0,GSE163973,keloid,scrna_spatial
-0.7965907223828687,2.3422060495275003,1.0067800837118361,-0.7945980353410836,1.297740726332472,GSE163973_KF1_Endothelial_cluster_5,GSE163973,keloid,scrna_spatial
-0.04337754274175417,2.9039336315530395,1.0837576590897162,-0.4304964581575541,0.23250164269560558,GSE163973_KF1_Endothelial_cluster_6,GSE163973,keloid,scrna_spatial
1.4761357795829866,-0.5548041041149417,-0.04641326481109996,-0.046959211872043743,-0.5366128446509509,GSE163973_KF1_Fibroblast_cluster_1,GSE163973,keloid,scrna_spatial
1.581163952647115,-2.0276860029813366,0.9387235957287667,0.28214024846879115,-0.4996049341067385,GSE163973_KF1_Fibroblast_cluster_3,GSE163973,keloid,scrna_spatial
3.7405808410321213,-2.1257533271743223,-0.022681499978820553,0.3087490934650871,0.49737910760489046,GSE163973_KF1_Fibroblast_cluster_7,GSE163973,keloid,scrna_spatial
0.6032300858882821,-0.10010887784725496,-0.32798916121141786,-1.013149306676252,-0.7127272760615688,GSE163973_KF1_Fibroblast_cluster_13,GSE163973,keloid,scrna_spatial
0.9288839716253656,1.5291363610473823,-1.6562614403079345,-1.254462138295545,-0.8935058277391296,GSE163973_KF1_Fibroblast_cluster_14,GSE163973,keloid,scrna_spatial
-4.983016233953497,-0.6134103969229774,-0.10865339572642724,0.4715171719932358,0.9590586212125433,GSE163973_KF1_Glandular_cluster_15,GSE163973,keloid,scrna_spatial
-0.2498836288853832,-0.6481374653852039,0.7787524774262761,0.29488595877127155,0.11556140953010222,GSE163973_KF1_Immune_cell_cluster_10,GSE163973,keloid,scrna_spatial
-5.61535136785359,-1.5988766901689913,-0.45640584967710063,0.47678378055843124,0.8342524641047242,GSE163973_KF1_Keratinocyte_cluster_4,GSE163973,keloid,scrna_spatial
-3.206309988785129,-0.3612367505958087,0.058360352756386465,-1.7102589714515084,1.2906894556418078,GSE163973_KF1_Keratinocyte_cluster_8,GSE163973,keloid,scrna_spatial
-4.744704468660124,-0.3990652540743463,0.3487292128730715,-0.15853014406112106,0.22188189328302305,GSE163973_KF1_Keratinocyte_cluster_12,GSE163973,keloid,scrna_spatial
0.1633875195746212,-0.7045814327115512,-1.51897786656739,0.4334226279534474,0.7010371083961433,GSE163973_KF1_Keratinocyte_cluster_16,GSE163973,keloid,scrna_spatial
-0.37221019299325214,1.433011505944282,1.7151308954046178,0.10437223285660953,0.2778129384808152,GSE163973_KF1_Lymphatic_endothelial_cluster_11,GSE163973,keloid,scrna_spatial
0.9906758284513744,0.7552044792294058,0.08605373344806981,-0.6412067624285134,-1.249124019487981,GSE163973_KF1_Neural_cell_cluster_18,GSE163973,keloid,scrna_spatial
0.5247733841306139,0.7852732839007136,-2.178472932891268,0.8453393336696615,-0.06253446031977376,GSE163973_KF1_muscle_fiber_cluster_2,GSE163973,keloid,scrna_spatial
-0.6563183738106683,0.8126235826768055,-1.8534162152338738,2.4487906407484843,-0.1845474161004897,GSE163973_KF1_muscle_fiber_cluster_9,GSE163973,keloid,scrna_spatial
2.3831526941512644,-2.6679413671068883,0.9268527662709125,0.6099827688534674,0.13142532480000588,GSE163973_KF1_fib_cluster_0,GSE163973,keloid,scrna_spatial
0.8036314109429188,-0.6250918887612219,0.2038564964884065,-0.19849616225942285,-0.8985529324999642,GSE163973_KF1_fib_cluster_1,GSE163973,keloid,scrna_spatial
1.3288352198618372,-1.1171117591628759,0.23365781711479816,-0.0006283831144164742,-0.5956030002284375,GSE163973_KF1_fib_cluster_2,GSE163973,keloid,scrna_spatial
3.885402124839419,-2.179335963641625,0.18227449029576084,0.4834408964074505,0.5748585204157382,GSE163973_KF1_fib_cluster_3,GSE163973,keloid,scrna_spatial
1.4741340914696832,-2.394914349662861,0.63894112391217,0.2967276839590317,-0.5450659307864067,GSE163973_KF1_fib_cluster_4,GSE163973,keloid,scrna_spatial
1.0582844990960005,-0.3754896345571036,-0.08228447693767182,-0.9401592009983708,-0.839550129973976,GSE163973_KF1_fib_cluster_5,GSE163973,keloid,scrna_spatial
-0.32051784851291626,-1.3843304401947574,1.4904489684418543,0.9158847481760124,-0.9164397735893586,GSE163973_KF1_fib_cluster_6,GSE163973,keloid,scrna_spatial
2.367555206941663,-0.3370354881888186,-0.6527320673183752,-0.46088861407026843,-0.6988737355398016,GSE163973_KF1_fib_cluster_8,GSE163973,keloid,scrna_spatial
1.0763725515918874,1.661327479120232,-1.8771662500692428,-1.5307250065923836,-0.792438122007997,GSE163973_KF1_fib_cluster_9,GSE163973,keloid,scrna_spatial
3.0814818199890412,-0.07324207878522873,-0.7611815055253396,0.11279569706256468,-0.09601851929098855,GSE163973_KF1_fib_cluster_10,GSE163973,keloid,scrna_spatial
0.2576624937687507,0.015770132220986974,-0.49026789313608227,0.12100397367214011,-0.7845123974828309,GSE163973_KF1_fib_cluster_12,GSE163973,keloid,scrna_spatial
2.6846792130222474,1.1971412527909135,0.533817854868363,0.41508853058538864,0.690015905373207,GSE163973_KF1_all_cells,GSE163973,keloid,scrna_spatial
4.150650456394233,-0.9611108577036782,0.006507567904377889,-0.22894583363377802,0.2888602639503214,GSE163973_KF2_Fibroblast,GSE163973,keloid,scrna_spatial
0.8215368915858664,2.9257459817958438,1.6356154125119498,-0.3999520805649496,0.07887501404578297,GSE163973_KF2_Endothelial,GSE163973,keloid,scrna_spatial
1.3694088551660926,1.0643536611444937,-1.470033788124799,1.097309408975478,0.20846060843381822,GSE163973_KF2_muscle_fiber,GSE163973,keloid,scrna_spatial
-1.0418460638746692,-0.8079132519312191,-0.09130564704045853,-0.0657968825535601,0.7161089368401915,GSE163973_KF2_Keratinocyte,GSE163973,keloid,scrna_spatial
0.04826006846635667,0.3354029620306732,1.0455694318760962,0.38686290686280106,0.05722354669703117,GSE163973_KF2_Immune_cell,GSE163973,keloid,scrna_spatial
0.7541872632733005,0.5193542079177472,-0.6293592679181608,-0.7258863544104913,-0.5228597144744909,GSE163973_KF2_Neural_cell,GSE163973,keloid,scrna_spatial
-2.085039865949083,0.5968301593716459,1.0178287544323326,-0.15121769728957746,0.40913897765887364,GSE163973_KF2_Glandular,GSE163973,keloid,scrna_spatial
0.9086746953634786,1.6152566746677008,2.2099441353929308,0.10172664859285759,-0.9518821763981736,GSE163973_KF2_Lymphatic_endothelial,GSE163973,keloid,scrna_spatial
0.5567645346723665,2.8750691642409603,1.8883151270853613,-0.4935544116094115,0.11289953860633298,GSE163973_KF2_Endothelial_cluster_0,GSE163973,keloid,scrna_spatial
0.04299793696151265,2.51673096859895,1.107256772536034,-0.4406295176184852,0.6336593091794894,GSE163973_KF2_Endothelial_cluster_5,GSE163973,keloid,scrna_spatial
1.3904635649604586,3.074000655266668,1.38395521468385,-0.28157747949987466,-0.21865301356566458,GSE163973_KF2_Endothelial_cluster_6,GSE163973,keloid,scrna_spatial
2.7701175006002487,-0.4563502267703939,0.16326423282555985,-0.2801923564225486,0.03597793380758104,GSE163973_KF2_Fibroblast_cluster_1,GSE163973,keloid,scrna_spatial
2.833729163196005,-1.691676147607899,0.7515150072241787,0.05239731888660353,-0.027762666620086442,GSE163973_KF2_Fibroblast_cluster_3,GSE163973,keloid,scrna_spatial
4.42421254188289,-1.9761475735213407,0.5452576600277411,0.5608114053343457,0.4836253805995121,GSE163973_KF2_Fibroblast_cluster_7,GSE163973,keloid,scrna_spatial
2.379520547645599,-0.2129003245306971,0.4504193023240498,-0.5804491833385097,-0.17675319655949298,GSE163973_KF2_Fibroblast_cluster_13,GSE163973,keloid,scrna_spatial
1.9803560713664317,1.5527523022216498,-1.4052194238126403,-1.2177033311086838,-1.0389897975973494,GSE163973_KF2_Fibroblast_cluster_14,GSE163973,keloid,scrna_spatial
-2.085039865949083,0.5968301593716459,1.0178287544323326,-0.15121769728957746,0.40913897765887364,GSE163973_KF2_Glandular_cluster_15,GSE163973,keloid,scrna_spatial
0.04826006846635667,0.3354029620306732,1.0455694318760962,0.38686290686280106,0.05722354669703117,GSE163973_KF2_Immune_cell_cluster_10,GSE163973,keloid,scrna_spatial
-3.407634875416074,-1.161351037422871,0.2780784182238462,0.022851275990261835,0.5252472579965236,GSE163973_KF2_Keratinocyte_cluster_4,GSE163973,keloid,scrna_spatial
-0.7894113366289311,-0.17965945383614398,0.7478657254475094,-1.3629945415964084,0.6524299488834034,GSE163973_KF2_Keratinocyte_cluster_8,GSE163973,keloid,scrna_spatial
-2.122775289438289,-1.2987299957750345,0.32632141508068446,0.16198753042425756,0.46965597203262666,GSE163973_KF2_Keratinocyte_cluster_12,GSE163973,keloid,scrna_spatial
1.9490892065182246,-0.3830906402046465,-0.8894718910421476,0.12346324218552822,0.5245717660061023,GSE163973_KF2_Keratinocyte_cluster_16,GSE163973,keloid,scrna_spatial
0.9086746953634786,1.6152566746677008,2.2099441353929308,0.10172664859285759,-0.9518821763981736,GSE163973_KF2_Lymphatic_endothelial_cluster_11,GSE163973,keloid,scrna_spatial
0.7541872632733005,0.5193542079177472,-0.6293592679181608,-0.7258863544104913,-0.5228597144744909,GSE163973_KF2_Neural_cell_cluster_18,GSE163973,keloid,scrna_spatial
1.3708829123129482,1.0954315241436083,-1.3335097042124324,0.7335508366648679,0.19127283898280392,GSE163973_KF2_muscle_fiber_cluster_2,GSE163973,keloid,scrna_spatial
0.6448364851679494,0.4990012188973918,-1.4309358903937162,2.1878533876234085,0.18032727719546762,GSE163973_KF2_muscle_fiber_cluster_9,GSE163973,keloid,scrna_spatial
3.5779086739347847,-2.1046734550533563,0.8194547400938753,0.3865407288498085,0.3142030200176255,GSE163973_KF2_fib_cluster_0,GSE163973,keloid,scrna_spatial
2.009767506140386,-0.16888288959557687,0.20859091291267046,-0.4870730968151612,-0.31111725972075355,GSE163973_KF2_fib_cluster_1,GSE163973,keloid,scrna_spatial
3.106790568005328,-0.579968022379478,0.132592392683083,-0.2629295370704049,0.0256287740327269,GSE163973_KF2_fib_cluster_2,GSE163973,keloid,scrna_spatial
4.517523657535477,-1.9276874647468891,0.4454599283912122,0.5961187374979156,0.5574938993972195,GSE163973_KF2_fib_cluster_3,GSE163973,keloid,scrna_spatial
2.3304296350550087,-1.9038294864926655,0.888352873732189,0.12181925171974639,-0.45518764442134924,GSE163973_KF2_fib_cluster_4,GSE163973,keloid,scrna_spatial
2.519140505033466,-0.5361676731060194,0.7081126044970509,-0.7575124950276017,-0.2629375820069272,GSE163973_KF2_fib_cluster_5,GSE163973,keloid,scrna_spatial
1.437649057665023,-1.0618718872984099,0.8083742370381646,0.3227992483505309,-0.05288792594492016,GSE163973_KF2_fib_cluster_6,GSE163973,keloid,scrna_spatial
2.708131983226835,-0.2758317710227277,-0.35995397753495717,-0.3328385305830904,-0.2418316064728236,GSE163973_KF2_fib_cluster_8,GSE163973,keloid,scrna_spatial
2.12111936964839,1.9027838500554295,-1.392061771666515,-1.351976926267177,-1.135146927055808,GSE163973_KF2_fib_cluster_9,GSE163973,keloid,scrna_spatial
3.788864501071788,-0.8258029773653416,-0.014869120559051208,0.03268361719108536,0.4280052064215398,GSE163973_KF2_fib_cluster_10,GSE163973,keloid,scrna_spatial
3.722164520799088,0.9508831662300278,0.8379662703833831,0.25127078900580013,0.6529426087982586,GSE163973_KF2_all_cells,GSE163973,keloid,scrna_spatial
2.2728214807369396,0.31742548462958803,-1.4173044984577443,1.0107031327162304,0.14669368084541698,GSE163973_KF3_muscle_fiber,GSE163973,keloid,scrna_spatial
1.0608747530054858,2.630845382302507,1.9896991053801414,-0.5847921605569164,0.8952455490904271,GSE163973_KF3_Endothelial,GSE163973,keloid,scrna_spatial
0.0778442067371449,1.0199488607290506,2.838366571839879,-0.022302579343207375,-0.42665780742654397,GSE163973_KF3_Lymphatic_endothelial,GSE163973,keloid,scrna_spatial
3.8631732128463265,-1.2045503912671338,0.09684153004980976,-0.5463599328790086,0.3497984501694687,GSE163973_KF3_Fibroblast,GSE163973,keloid,scrna_spatial
-0.0848408696807244,1.047017187653823,2.029878794026391,-0.14013156138275237,0.780106897583718,GSE163973_KF3_Glandular,GSE163973,keloid,scrna_spatial
2.362278080824146,-1.005720646840842,-0.3841676426350088,0.627340184831552,0.8651625254232637,GSE163973_KF3_Keratinocyte,GSE163973,keloid,scrna_spatial
-0.9323635870387,0.40762862919717835,0.614806521584531,0.8467138377403323,0.21932955404495105,GSE163973_KF3_Unknown,GSE163973,keloid,scrna_spatial
0.5330332397936993,0.3805898432520692,-1.7500461829162965,0.4906728470753861,-0.1685998501918001,GSE163973_KF3_Neural_cell,GSE163973,keloid,scrna_spatial
-2.6510185308456466,-0.1451913567226355,1.2569084034063032,0.2071609317958217,-0.055649326046476634,GSE163973_KF3_Immune_cell,GSE163973,keloid,scrna_spatial
0.9396088087357443,2.579059459356962,2.2059265097527567,-0.6058217494769105,0.9306061136208682,GSE163973_KF3_Endothelial_cluster_0,GSE163973,keloid,scrna_spatial
0.5242074801480812,2.136848304596017,1.5006268632134037,-0.4670976276631001,1.4704257858877974,GSE163973_KF3_Endothelial_cluster_5,GSE163973,keloid,scrna_spatial
1.344431274837553,2.9907656060143597,1.8161378392889374,-0.5151876487475824,0.2607696400937312,GSE163973_KF3_Endothelial_cluster_6,GSE163973,keloid,scrna_spatial
3.2412397932525288,-0.5256031190135496,-0.22339967284490822,-0.6011905177702693,-0.12246885987897638,GSE163973_KF3_Fibroblast_cluster_1,GSE163973,keloid,scrna_spatial
2.705120025006385,-2.213782314008004,1.0787717268909962,-0.01297523418189165,0.27021108751399936,GSE163973_KF3_Fibroblast_cluster_3,GSE163973,keloid,scrna_spatial
4.060529736364147,-1.898508827127519,0.5056284332000224,-0.08834743629791415,0.5644844500458566,GSE163973_KF3_Fibroblast_cluster_7,GSE163973,keloid,scrna_spatial
2.3594491448144543,-0.974981459579137,-0.15839274562046218,-0.9798654072473555,0.34064798925608125,GSE163973_KF3_Fibroblast_cluster_13,GSE163973,keloid,scrna_spatial
2.8280295785619094,1.3959612930644663,-1.8356117013494784,-1.168661512591546,-0.553844548838842,GSE163973_KF3_Fibroblast_cluster_14,GSE163973,keloid,scrna_spatial
-0.0848408696807244,1.047017187653823,2.029878794026391,-0.14013156138275237,0.780106897583718,GSE163973_KF3_Glandular_cluster_15,GSE163973,keloid,scrna_spatial
-2.6510185308456466,-0.1451913567226355,1.2569084034063032,0.2071609317958217,-0.055649326046476634,GSE163973_KF3_Immune_cell_cluster_10,GSE163973,keloid,scrna_spatial
-3.419805627813929,-0.018034326916709902,-0.2420627282035398,0.13473220866555877,0.2750831808476034,GSE163973_KF3_Keratinocyte_cluster_4,GSE163973,keloid,scrna_spatial
3.6715706333864526,-1.1533142328561283,-0.5258916227839888,0.5860182998330739,0.6468119385030243,GSE163973_KF3_Keratinocyte_cluster_16,GSE163973,keloid,scrna_spatial
0.0778442067371449,1.0199488607290506,2.838366571839879,-0.022302579343207375,-0.42665780742654397,GSE163973_KF3_Lymphatic_endothelial_cluster_11,GSE163973,keloid,scrna_spatial
0.5330332397936993,0.3805898432520692,-1.7500461829162965,0.4906728470753861,-0.1685998501918001,GSE163973_KF3_Neural_cell_cluster_18,GSE163973,keloid,scrna_spatial
2.3239723515331625,0.3020533451447104,-1.3441507622217055,0.9095928256610756,0.14857853420496325,GSE163973_KF3_muscle_fiber_cluster_2,GSE163973,keloid,scrna_spatial
1.4799563732398704,0.5031644278834171,-1.827221868517126,1.595708084498711,-0.050972676631849394,GSE163973_KF3_muscle_fiber_cluster_9,GSE163973,keloid,scrna_spatial
3.2406699717415375,-2.203041549613325,0.9529722552510513,-0.11998230405632136,0.39433081388312957,GSE163973_KF3_fib_cluster_0,GSE163973,keloid,scrna_spatial
2.1371024683778836,-0.39502428348731383,0.38225968377479774,-0.6580122243985833,-0.7177525198621166,GSE163973_KF3_fib_cluster_1,GSE163973,keloid,scrna_spatial
3.0219431349536356,-0.7256670608748693,-0.4291681478819182,-0.8282312171377454,-0.08641994839683344,GSE163973_KF3_fib_cluster_2,GSE163973,keloid,scrna_spatial
4.241599341716213,-1.686147412822171,0.3490238107938513,-0.11218366096856494,0.6031163537373021,GSE163973_KF3_fib_cluster_3,GSE163973,keloid,scrna_spatial
1.9984296929125056,-2.319398571773887,1.2143403257658452,0.47343406499028745,-0.17150786799486542,GSE163973_KF3_fib_cluster_4,GSE163973,keloid,scrna_spatial
2.597062011565035,-1.117069239959145,0.22814204436835878,-0.8526946714265636,0.24292491436863944,GSE163973_KF3_fib_cluster_5,GSE163973,keloid,scrna_spatial
2.2000153223803602,-0.7301659152433312,0.16979194821993493,-0.7439433647505033,-0.18434840528302204,GSE163973_KF3_fib_cluster_6,GSE163973,keloid,scrna_spatial
4.149287041698986,-0.34593412532166645,-0.993376123640422,-0.2981653351500076,-0.011710115523613032,GSE163973_KF3_fib_cluster_10,GSE163973,keloid,scrna_spatial
4.223377951481906,0.8290337321057698,0.9128185078677733,0.49802335308098333,0.7418900393332878,GSE163973_KF3_all_cells,GSE163973,keloid,scrna_spatial
-1.9907673826730874,1.3717595471586517,2.347833214882672,0.594597221361044,-1.509002780330094,GSE163973_NF1_Lymphatic_endothelial,GSE163973,non_keloid,scrna_spatial
0.11144065843392063,3.488855813157793,0.8747693777882635,-0.04183708313352755,0.26045869273323613,GSE163973_NF1_Endothelial,GSE163973,non_keloid,scrna_spatial
0.72041775752109,-1.0408106480447057,-0.16105589553693525,0.3900421181152177,-0.9905698866564073,GSE163973_NF1_Fibroblast,GSE163973,non_keloid,scrna_spatial
0.770466425300214,3.238277808048357,1.137181890047488,-0.4452147222626981,-0.27236500308349954,GSE163973_NF1_Glandular,GSE163973,non_keloid,scrna_spatial
0.6334567903419248,0.9543022737797087,-2.142059851135144,1.7414421832143903,0.3067564204027306,GSE163973_NF1_muscle_fiber,GSE163973,non_keloid,scrna_spatial
-4.296834022306198,0.04119263064966412,1.0668001787834367,1.235140731211093,-1.0096489218981086,GSE163973_NF1_Immune_cell,GSE163973,non_keloid,scrna_spatial
-2.6611017602536133,-0.6173519757068252,-1.5709968241014731,0.6210503716028595,1.3964614820133507,GSE163973_NF1_Keratinocyte,GSE163973,non_keloid,scrna_spatial
-0.15638675073503644,3.4402578305827536,1.2892518307580643,-0.4498275872935807,0.21150707233457341,GSE163973_NF1_Endothelial_cluster_0,GSE163973,non_keloid,scrna_spatial
-0.658689106297925,3.1787041235884708,0.3165051475910852,-0.14802572938489353,0.6638185203108574,GSE163973_NF1_Endothelial_cluster_5,GSE163973,non_keloid,scrna_spatial
0.6567859349594786,3.7120909405357554,0.24952872134222087,0.7521266407637194,-0.0036219112941274483,GSE163973_NF1_Endothelial_cluster_6,GSE163973,non_keloid,scrna_spatial
0.05402754357346704,-0.9168513337784744,-0.006185986983352545,0.7438127198686072,-0.7923831149787662,GSE163973_NF1_Fibroblast_cluster_1,GSE163973,non_keloid,scrna_spatial
-0.03546911952509012,-2.11452467955602,0.6704102778528741,1.1429169544986675,-1.4543041702365822,GSE163973_NF1_Fibroblast_cluster_3,GSE163973,non_keloid,scrna_spatial
1.8326247179479394,-0.8384017611578364,-0.5485779352968896,-0.6571706901097327,-0.6201806260518882,GSE163973_NF1_Fibroblast_cluster_7,GSE163973,non_keloid,scrna_spatial
1.099376650983713,-0.8675187536127494,0.24511912553106907,-0.8520460194823363,-0.3092100680630559,GSE163973_NF1_Fibroblast_cluster_13,GSE163973,non_keloid,scrna_spatial
0.4273432223692967,0.7271110045809994,-2.1715593442337906,-0.7456241106205913,-1.5679179744734484,GSE163973_NF1_Fibroblast_cluster_14,GSE163973,non_keloid,scrna_spatial
0.770466425300214,3.238277808048357,1.137181890047488,-0.4452147222626981,-0.27236500308349954,GSE163973_NF1_Glandular_cluster_15,GSE163973,non_keloid,scrna_spatial
-4.296834022306198,0.04119263064966412,1.0668001787834367,1.235140731211093,-1.0096489218981086,GSE163973_NF1_Immune_cell_cluster_10,GSE163973,non_keloid,scrna_spatial
-5.9288665235115,-1.9133260615370347,-0.44201092070825704,1.329354374219921,0.5481694113879584,GSE163973_NF1_Keratinocyte_cluster_4,GSE163973,non_keloid,scrna_spatial
-2.8646886036767336,-1.5515852157665728,0.9181144038791029,-0.08140465612238161,1.0953939316881534,GSE163973_NF1_Keratinocyte_cluster_8,GSE163973,non_keloid,scrna_spatial
-1.9907673826730874,1.3717595471586517,2.347833214882672,0.594597221361044,-1.509002780330094,GSE163973_NF1_Lymphatic_endothelial_cluster_11,GSE163973,non_keloid,scrna_spatial
0.8189229520368446,1.0769891356567114,-2.006892923306816,1.5629210104741122,0.2914043766421458,GSE163973_NF1_muscle_fiber_cluster_2,GSE163973,non_keloid,scrna_spatial
-0.6155973235645377,0.21576892875075732,-2.756819427908243,2.4800713544432056,0.17003843720041276,GSE163973_NF1_muscle_fiber_cluster_9,GSE163973,non_keloid,scrna_spatial
-0.06942262049498327,-2.159880333564319,0.7343169712802905,1.0412718401376804,-1.3460868538783366,GSE163973_NF1_fib_cluster_0,GSE163973,non_keloid,scrna_spatial
-0.32763636053911266,-0.8706674505073836,0.11222793159366126,0.6266653635464227,-1.0060177102142644,GSE163973_NF1_fib_cluster_1,GSE163973,non_keloid,scrna_spatial
0.10823501547242702,-0.9553778260437865,-0.22003335503574273,0.6794247067063525,-0.9466438127059336,GSE163973_NF1_fib_cluster_2,GSE163973,non_keloid,scrna_spatial
-0.20519569620567982,-2.067013130346511,0.47675745780387624,1.3747954098855413,-1.9021309978774001,GSE163973_NF1_fib_cluster_4,GSE163973,non_keloid,scrna_spatial
1.2829404227410237,-0.9676036367581531,0.3426996401604644,-0.8401051415802497,-0.43476980609585947,GSE163973_NF1_fib_cluster_5,GSE163973,non_keloid,scrna_spatial
-0.6560303933672396,-2.007986127242439,0.7889515890036818,0.8713335659437771,-0.2140277649128194,GSE163973_NF1_fib_cluster_6,GSE163973,non_keloid,scrna_spatial
-0.5688119404297237,-0.618501597091632,-0.7158398723546888,1.3206325855203433,-1.6433048276828621,GSE163973_NF1_fib_cluster_8,GSE163973,non_keloid,scrna_spatial
0.5458439886959926,0.9613820646998638,-2.19049854662968,-0.9310015574518173,-1.9771460935860663,GSE163973_NF1_fib_cluster_9,GSE163973,non_keloid,scrna_spatial
0.6729743087903304,-0.31163552347769535,-0.20707735148118558,1.4805787704687878,-0.5231025483757703,GSE163973_NF1_fib_cluster_10,GSE163973,non_keloid,scrna_spatial
1.478045151612796,-0.7249646263932834,-1.34517623577947,-1.2626793737117992,-0.1646410501555119,GSE163973_NF1_fib_cluster_11,GSE163973,non_keloid,scrna_spatial
1.676701136921301,1.3857061486172657,0.12877789012792293,0.984144262529088,-0.2610361207647438,GSE163973_NF1_all_cells,GSE163973,non_keloid,scrna_spatial
1.4648509486489072,-0.7807332303733668,-0.7854310515156433,-0.5371232650175272,0.0190802705065762,GSE163973_NF2_Fibroblast,GSE163973,non_keloid,scrna_spatial
-4.104844145768883,-1.239621330232282,-0.768259428164697,-0.3332203511042571,1.3141745867107812,GSE163973_NF2_Keratinocyte,GSE163973,non_keloid,scrna_spatial
-1.3112653475751743,2.8195917508696087,0.8363550703913663,-0.19882977918082048,0.26861497271381546,GSE163973_NF2_Endothelial,GSE163973,non_keloid,scrna_spatial
0.14124746450771525,0.3660087434353185,-2.18246802172703,1.3411085983567148,1.2833431169835319,GSE163973_NF2_muscle_fiber,GSE163973,non_keloid,scrna_spatial
-1.0347643046955044,0.4293793465149943,2.2883687617337243,0.26254016002546865,0.036427011471281856,GSE163973_NF2_Lymphatic_endothelial,GSE163973,non_keloid,scrna_spatial
-4.539038671653577,0.2795594934634185,0.19437840753658822,0.027529141540013496,-0.15833831705517304,GSE163973_NF2_Glandular,GSE163973,non_keloid,scrna_spatial
-2.251329627300984,-0.9493767684051853,0.3724471279888598,0.46256364581076126,0.6204276041385233,GSE163973_NF2_Melanocytes,GSE163973,non_keloid,scrna_spatial
-2.4380534546561625,-0.12062292802835896,0.036376729476363834,-0.5054395870560222,0.3494084801510787,GSE163973_NF2_Immune_cell,GSE163973,non_keloid,scrna_spatial
-1.952015362707655,2.7857975840214997,1.0314499352231339,-0.3536786874876545,0.46872209726989883,GSE163973_NF2_Endothelial_cluster_0,GSE163973,non_keloid,scrna_spatial
-2.1679104165660097,2.710984479630233,0.425892404440095,-0.3186678455271023,0.6908925548763529,GSE163973_NF2_Endothelial_cluster_5,GSE163973,non_keloid,scrna_spatial
-0.8449411154316656,2.8410265113316617,0.5770605205914631,-0.07778224452982681,0.0626440796876988,GSE163973_NF2_Endothelial_cluster_6,GSE163973,non_keloid,scrna_spatial
0.3660750784231325,-0.9105222783051856,-0.27588028742899734,-0.28805133963966734,0.22764129525510782,GSE163973_NF2_Fibroblast_cluster_1,GSE163973,non_keloid,scrna_spatial
1.0228111303659695,-1.4614681241278127,-0.4807957395933515,-0.321152987668712,-0.36697770949978525,GSE163973_NF2_Fibroblast_cluster_3,GSE163973,non_keloid,scrna_spatial
2.6410868106319,-0.633693868351776,-1.0004248866482024,-0.5383841606377461,0.21869239915231026,GSE163973_NF2_Fibroblast_cluster_7,GSE163973,non_keloid,scrna_spatial
1.4538059727033086,-0.48467505070992156,-0.6887017134932469,-0.8587405136562344,0.196037544474541,GSE163973_NF2_Fibroblast_cluster_13,GSE163973,non_keloid,scrna_spatial
0.7850159659917381,1.0658020978585376,-2.133655290533306,-1.001712206416237,-0.6161225040858559,GSE163973_NF2_Fibroblast_cluster_14,GSE163973,non_keloid,scrna_spatial
-4.539038671653577,0.2795594934634185,0.19437840753658822,0.027529141540013496,-0.15833831705517304,GSE163973_NF2_Glandular_cluster_15,GSE163973,non_keloid,scrna_spatial
-2.4380534546561625,-0.12062292802835896,0.036376729476363834,-0.5054395870560222,0.3494084801510787,GSE163973_NF2_Immune_cell_cluster_10,GSE163973,non_keloid,scrna_spatial
-6.173167433388954,-1.6371082224427818,-0.4053137213556168,0.1488296924885938,0.9171528248515972,GSE163973_NF2_Keratinocyte_cluster_4,GSE163973,non_keloid,scrna_spatial
-3.0985134873748974,-0.4617742256966337,-0.8984656765746367,-1.4655800420356435,1.4579927158889876,GSE163973_NF2_Keratinocyte_cluster_8,GSE163973,non_keloid,scrna_spatial
-4.510525200909835,-0.7500027563470367,-0.973646738931093,0.5104780341595105,0.990283766340708,GSE163973_NF2_Keratinocyte_cluster_12,GSE163973,non_keloid,scrna_spatial
-1.7219419097977864,-0.9097770989012629,-0.6188205291619712,-0.8041766492128185,0.8442309905343436,GSE163973_NF2_Keratinocyte_cluster_16,GSE163973,non_keloid,scrna_spatial
-1.0347643046955044,0.4293793465149943,2.2883687617337243,0.26254016002546865,0.036427011471281856,GSE163973_NF2_Lymphatic_endothelial_cluster_11,GSE163973,non_keloid,scrna_spatial
-2.251329627300984,-0.9493767684051853,0.3724471279888598,0.46256364581076126,0.6204276041385233,GSE163973_NF2_Melanocytes_cluster_19,GSE163973,non_keloid,scrna_spatial
0.39174964477487656,0.4864265950214153,-2.0643333463043265,0.7596817242968854,1.2504416696747584,GSE163973_NF2_muscle_fiber_cluster_2,GSE163973,non_keloid,scrna_spatial
-1.2747532768524457,-0.022934622501976285,-2.091280639936315,2.7000761477802553,0.5123917324144883,GSE163973_NF2_muscle_fiber_cluster_9,GSE163973,non_keloid,scrna_spatial
1.1843908200546636,-1.391552118759414,-0.6998708113017287,-0.48313659777784107,-0.29338095089368316,GSE163973_NF2_fib_cluster_0,GSE163973,non_keloid,scrna_spatial
-0.514826619017104,-0.8855182684919987,-0.18015922954374108,-0.22292938483502825,-0.39442236314882384,GSE163973_NF2_fib_cluster_1,GSE163973,non_keloid,scrna_spatial
0.509915907879259,-0.9621603303800146,-0.443330147159721,-0.3777861258909441,-0.09589429505859805,GSE163973_NF2_fib_cluster_2,GSE163973,non_keloid,scrna_spatial
3.06256865606276,-0.49682624549356563,-1.4333446832757184,-0.3769867955423136,0.6110907045015873,GSE163973_NF2_fib_cluster_3,GSE163973,non_keloid,scrna_spatial
0.30742463521840124,-2.0583871602006645,-0.14153405264666882,0.16416431866271594,-0.664252587929883,GSE163973_NF2_fib_cluster_4,GSE163973,non_keloid,scrna_spatial
1.4022235074165355,-0.7675116853951538,-0.44606277375777015,-1.0961079383092647,0.005355772169169857,GSE163973_NF2_fib_cluster_5,GSE163973,non_keloid,scrna_spatial
0.07347925917760065,-1.5199876946809188,0.34045445061320523,0.2444267850615868,0.7365843859224793,GSE163973_NF2_fib_cluster_6,GSE163973,non_keloid,scrna_spatial
1.3137676182881224,-0.919934221540567,-0.456160945922794,-0.669762739340295,0.2579009719929655,GSE163973_NF2_fib_cluster_7,GSE163973,non_keloid,scrna_spatial
-1.2243105153414269,-0.7325389382904584,-0.9105764042465105,0.469092315207954,-1.4929507103174295,GSE163973_NF2_fib_cluster_8,GSE163973,non_keloid,scrna_spatial
0.5401491802544461,1.4430286792287081,-1.9758951494402506,-1.278101951220517,-1.4541695831976549,GSE163973_NF2_fib_cluster_9,GSE163973,non_keloid,scrna_spatial
1.1585141054897208,-0.4222914410935135,-0.30835199077680836,-1.0865030242329978,0.1844041754832125,GSE163973_NF2_fib_cluster_11,GSE163973,non_keloid,scrna_spatial
0.9639211699078315,0.503885145725643,-0.3621241290002017,0.6910248241657333,0.7768400614701553,GSE163973_NF2_all_cells,GSE163973,non_keloid,scrna_spatial
0.47094591750500425,-0.6588490068939771,-1.0561837119113529,-0.6552873446717336,-0.11691345177195182,GSE163973_NF3_Fibroblast,GSE163973,non_keloid,scrna_spatial
-1.9679780281242418,2.708376641420145,0.7464070390676876,-0.15392888719723016,0.27219993809627757,GSE163973_NF3_Endothelial,GSE163973,non_keloid,scrna_spatial
-4.895486687353975,-1.1644767385544863,-0.4918891127116832,-0.8707815502406092,1.722808687958324,GSE163973_NF3_Keratinocyte,GSE163973,non_keloid,scrna_spatial
-1.8111127212502505,0.36029561047615793,2.438987759606242,0.3485078941044681,-0.18243571421649396,GSE163973_NF3_Lymphatic_endothelial,GSE163973,non_keloid,scrna_spatial
0.11164459809221683,0.6192007096819163,-1.3903444603822164,1.210653655261832,1.122900926881086,GSE163973_NF3_muscle_fiber,GSE163973,non_keloid,scrna_spatial
-5.044054496812558,-2.1800373063301506,0.5357056199388068,0.8302779101689503,-0.3478348453190039,GSE163973_NF3_Melanocytes,GSE163973,non_keloid,scrna_spatial
-3.7326044053719123,0.5240624999295699,0.21919188515606144,-0.2529597943189404,-1.7065242808121006,GSE163973_NF3_Glandular,GSE163973,non_keloid,scrna_spatial
-2.4618923955257555,0.18962315497500642,0.40270434089244483,0.018188626453494918,0.17753632840307074,GSE163973_NF3_Immune_cell,GSE163973,non_keloid,scrna_spatial
-2.9203319418935614,2.913850608101717,1.095456140395929,-0.4596443518105638,0.20818671735117622,GSE163973_NF3_Endothelial_cluster_0,GSE163973,non_keloid,scrna_spatial
-3.3843610009255847,2.617454453293585,0.4386211050656125,-0.17227503187608934,0.5377674062859685,GSE163973_NF3_Endothelial_cluster_5,GSE163973,non_keloid,scrna_spatial
-1.2415006057774687,2.490825169755101,0.4568454723988854,-0.05369328293402467,0.30497621071555814,GSE163973_NF3_Endothelial_cluster_6,GSE163973,non_keloid,scrna_spatial
-0.6620958543939803,-1.3076370039611274,-0.39700787235487295,-0.06605499157950719,0.004704022234729811,GSE163973_NF3_Fibroblast_cluster_1,GSE163973,non_keloid,scrna_spatial
-0.3940135663141094,-1.3651935152558423,-0.7697809341841504,-0.10147758259489922,-0.7873760579370288,GSE163973_NF3_Fibroblast_cluster_3,GSE163973,non_keloid,scrna_spatial
2.1101252828634967,-0.4932706090650485,-1.0537688600333208,-0.8986142262613924,0.023772022532262665,GSE163973_NF3_Fibroblast_cluster_7,GSE163973,non_keloid,scrna_spatial
0.15485142727230697,-0.5293773445336316,-0.6851224734946733,-0.7551643809212674,-0.044670726573929155,GSE163973_NF3_Fibroblast_cluster_13,GSE163973,non_keloid,scrna_spatial
0.2190117010725566,1.2575810926418332,-1.8460655970427573,-1.0275832878450275,-1.0878293225913354,GSE163973_NF3_Fibroblast_cluster_14,GSE163973,non_keloid,scrna_spatial
-3.7326044053719123,0.5240624999295699,0.21919188515606144,-0.2529597943189404,-1.7065242808121006,GSE163973_NF3_Glandular_cluster_15,GSE163973,non_keloid,scrna_spatial
-2.4618923955257555,0.18962315497500642,0.40270434089244483,0.018188626453494918,0.17753632840307074,GSE163973_NF3_Immune_cell_cluster_10,GSE163973,non_keloid,scrna_spatial
-6.764469774867888,-1.4351498262592313,-0.5323298090207315,-0.17003182164960853,1.0438914302702968,GSE163973_NF3_Keratinocyte_cluster_4,GSE163973,non_keloid,scrna_spatial
-3.4043591607462846,-0.5203121760498771,-0.06567250238261171,-1.9206373758947812,1.5978945391099248,GSE163973_NF3_Keratinocyte_cluster_8,GSE163973,non_keloid,scrna_spatial
-5.198169050139013,-1.0880298126603103,-0.6710290935089737,-0.03928537390097367,0.9094278377278888,GSE163973_NF3_Keratinocyte_cluster_12,GSE163973,non_keloid,scrna_spatial
-4.44006742309005,-0.4761924130867124,-0.679883642603776,-1.051764911742382,1.1310101811184068,GSE163973_NF3_Keratinocyte_cluster_16,GSE163973,non_keloid,scrna_spatial
-1.8111127212502505,0.36029561047615793,2.438987759606242,0.3485078941044681,-0.18243571421649396,GSE163973_NF3_Lymphatic_endothelial_cluster_11,GSE163973,non_keloid,scrna_spatial
-5.044054496812558,-2.1800373063301506,0.5357056199388068,0.8302779101689503,-0.3478348453190039,GSE163973_NF3_Melanocytes_cluster_19,GSE163973,non_keloid,scrna_spatial
0.24226402737163993,0.6997230103474936,-1.1331666128673086,0.8592361483259051,1.0972797604853457,GSE163973_NF3_muscle_fiber_cluster_2,GSE163973,non_keloid,scrna_spatial
-1.7339008783914993,0.28085122008360586,-2.295869693274832,2.4059331640927017,0.47439456471941294,GSE163973_NF3_muscle_fiber_cluster_9,GSE163973,non_keloid,scrna_spatial
-0.5950125792835743,-1.1854258905644959,-1.0456601121339755,0.02280917524965079,-1.4150210486300216,GSE163973_NF3_fib_cluster_0,GSE163973,non_keloid,scrna_spatial
-1.6546182265664453,-1.58251743243754,0.2551180760049481,0.29313755800191194,-0.314273455306563,GSE163973_NF3_fib_cluster_1,GSE163973,non_keloid,scrna_spatial
-0.4384982632097192,-1.1490627952892383,-0.44367349915784865,-0.07535322491367123,-0.15907441366533245,GSE163973_NF3_fib_cluster_2,GSE163973,non_keloid,scrna_spatial
2.5896497997942647,-0.8425992478212684,-1.928836302398904,-1.0924375189881428,-0.07383298598314382,GSE163973_NF3_fib_cluster_3,GSE163973,non_keloid,scrna_spatial
-1.5211890156965777,-1.5036275085633701,-0.7540671416126565,0.6990867242752156,-2.421394994928227,GSE163973_NF3_fib_cluster_4,GSE163973,non_keloid,scrna_spatial
0.20440416775746148,-0.7604740210545831,-0.5218232549876517,-1.0247755902089528,-0.21122653098894803,GSE163973_NF3_fib_cluster_5,GSE163973,non_keloid,scrna_spatial
-1.2472655936937533,-1.941767502075517,-0.19622533881840304,0.24595120915135987,0.3282139668943626,GSE163973_NF3_fib_cluster_6,GSE163973,non_keloid,scrna_spatial
0.4590705489425264,-0.9723095864087985,-0.13237135217043314,-0.967467197540105,0.1395784531001707,GSE163973_NF3_fib_cluster_7,GSE163973,non_keloid,scrna_spatial
-1.264817143259337,-0.2835350628642397,-1.2156838470001783,0.0641504963670973,-1.6697791100042654,GSE163973_NF3_fib_cluster_8,GSE163973,non_keloid,scrna_spatial
0.3491379844452431,1.3433360119447673,-1.77351292352486,-1.3940992172488,-0.7186091806139595,GSE163973_NF3_fib_cluster_9,GSE163973,non_keloid,scrna_spatial
-0.2304073761091848,-0.7650052969015453,-1.0773857090979218,-1.6557619189916428,-0.6856842192660983,GSE163973_NF3_fib_cluster_11,GSE163973,non_keloid,scrna_spatial
-1.292466838174738,-0.8997458812168397,-1.1563265815800623,0.2907790502960392,-0.6162628091651391,GSE163973_NF3_fib_cluster_12,GSE163973,non_keloid,scrna_spatial
-1.1992964391405596,0.16554215860648144,-0.24893398944560802,0.2707090475296875,1.0500640893442372,GSE163973_NF3_all_cells,GSE163973,non_keloid,scrna_spatial
1.8652492289180447,2.0365247310514323,-0.44084671486860116,-0.022723779726565592,0.7925126775156132,GSE181297_Ke01_all_barcodes,GSE181297,keloid,scrna_spatial
1.3906999511171518,-0.4802099873212057,0.5353249059131593,0.5500427716563724,0.3430993015874621,GSE181297_Ke02_all_barcodes,GSE181297,keloid,scrna_spatial
1.5450251305683613,0.20617178755146998,0.38456594369702324,-0.4680761596225449,0.3642896121078291,GSE181297_Pt1_all_barcodes,GSE181297,keloid,scrna_spatial
1.8288234526044753,-0.622812018585315,1.0563736379597164,0.244257355845674,-0.6084312632046056,GSE181297_Pt2_all_barcodes,GSE181297,keloid,scrna_spatial
0.5103112633266377,-0.7657836473992564,-0.3376090972197282,-0.028473945034636333,0.1009642837724591,GSE181297_NS02_all_barcodes,GSE181297,non_keloid,scrna_spatial
-0.5297227121165355,1.0770680499983774,-0.7505730441803349,0.39959374016031013,-0.2295485503974404,GSE181297_NSV1_all_barcodes,GSE181297,non_keloid,scrna_spatial
-6.610386314418138,-1.450958915295502,-0.4472356313012427,-0.6746199832786093,-0.7628860613813135,GSE181297_NSV2_all_barcodes,GSE181297,non_keloid,scrna_spatial
-8.296323189463521e-17,-1.0759021579297416e-16,-9.146346568631414e-17,3.1117692250873403e-18,1.3939495810076864e-16,GSE160536_scleroderma_all_cells,GSE160536,exclude,scrna_spatial
