accession,feature_set,model,norm,primary_macro,auroc,n_donors
E-MTAB-4945,composition_only,linear_svm,none,0.898989898989899,0.670807453416149,10
E-MTAB-4945,composition_only,linear_svm,train_accession_zscore,0.8,0.6211180124223603,10
E-MTAB-4945,composition_only,linear_svm,train_reference_quantile,0.7619047619047619,0.6521739130434783,10
E-MTAB-4945,composition_only,linear_svm,train_combat_lite,0.7916666666666667,0.6459627329192547,10
E-MTAB-4945,composition_only,ridge_logreg,none,0.898989898989899,0.6459627329192545,10
E-MTAB-4945,composition_only,ridge_logreg,train_accession_zscore,0.8,0.6086956521739131,10
E-MTAB-4945,composition_only,ridge_logreg,train_reference_quantile,0.7619047619047619,0.6459627329192547,10
E-MTAB-4945,composition_only,ridge_logreg,train_combat_lite,0.7916666666666667,0.6211180124223603,10
E-MTAB-4945,rank_programs_only,linear_svm,none,0.8901098901098901,0.7204968944099379,10
E-MTAB-4945,rank_programs_only,linear_svm,train_accession_zscore,0.7619047619047619,0.7329192546583851,10
E-MTAB-4945,rank_programs_only,linear_svm,train_reference_quantile,0.6703296703296704,0.577639751552795,10
E-MTAB-4945,rank_programs_only,linear_svm,train_combat_lite,0.7916666666666667,0.7204968944099379,10
E-MTAB-4945,rank_programs_only,ridge_logreg,none,0.7619047619047619,0.6832298136645962,10
E-MTAB-4945,rank_programs_only,ridge_logreg,train_accession_zscore,0.7619047619047619,0.6832298136645962,10
E-MTAB-4945,rank_programs_only,ridge_logreg,train_reference_quantile,0.6703296703296704,0.5900621118012422,10
E-MTAB-4945,rank_programs_only,ridge_logreg,train_combat_lite,0.7619047619047619,0.6832298136645962,10
E-MTAB-4945,fibrosis_only,linear_svm,none,0.6703296703296704,0.7950310559006211,10
E-MTAB-4945,fibrosis_only,linear_svm,train_accession_zscore,0.7619047619047619,0.7701863354037267,10
E-MTAB-4945,fibrosis_only,linear_svm,train_reference_quantile,0.4949494949494949,0.6024844720496895,10
E-MTAB-4945,fibrosis_only,linear_svm,train_combat_lite,0.7916666666666667,0.7142857142857143,10
E-MTAB-4945,fibrosis_only,ridge_logreg,none,0.7619047619047619,0.6894409937888198,10
E-MTAB-4945,fibrosis_only,ridge_logreg,train_accession_zscore,0.7619047619047619,0.7018633540372671,10
E-MTAB-4945,fibrosis_only,ridge_logreg,train_reference_quantile,0.4949494949494949,0.6149068322981366,10
E-MTAB-4945,fibrosis_only,ridge_logreg,train_combat_lite,0.7916666666666667,0.6894409937888198,10
E-MTAB-4945,fused_multiview,linear_svm,none,0.898989898989899,0.6459627329192547,10
E-MTAB-4945,fused_multiview,linear_svm,train_accession_zscore,0.7916666666666667,0.6335403726708074,10
E-MTAB-4945,fused_multiview,linear_svm,train_reference_quantile,0.5833333333333333,0.5031055900621118,10
E-MTAB-4945,fused_multiview,linear_svm,train_combat_lite,0.696969696969697,0.6521739130434783,10
E-MTAB-4945,fused_multiview,ridge_logreg,none,0.898989898989899,0.5900621118012422,10
E-MTAB-4945,fused_multiview,ridge_logreg,train_accession_zscore,0.7619047619047619,0.6832298136645962,10
E-MTAB-4945,fused_multiview,ridge_logreg,train_reference_quantile,0.5238095238095238,0.6024844720496894,10
E-MTAB-4945,fused_multiview,ridge_logreg,train_combat_lite,0.696969696969697,0.6211180124223603,10
E-MTAB-4945,low_i2_core_only,linear_svm,none,0.6703296703296704,0.6335403726708075,10
E-MTAB-4945,low_i2_core_only,linear_svm,train_accession_zscore,0.375,0.49068322981366463,10
E-MTAB-4945,low_i2_core_only,linear_svm,train_reference_quantile,0.5833333333333333,0.4037267080745342,10
E-MTAB-4945,low_i2_core_only,linear_svm,train_combat_lite,0.375,0.49068322981366463,10
E-MTAB-4945,low_i2_core_only,ridge_logreg,none,0.696969696969697,0.6894409937888198,10
E-MTAB-4945,low_i2_core_only,ridge_logreg,train_accession_zscore,0.4949494949494949,0.6645962732919255,10
E-MTAB-4945,low_i2_core_only,ridge_logreg,train_reference_quantile,0.5833333333333333,0.5093167701863354,10
E-MTAB-4945,low_i2_core_only,ridge_logreg,train_combat_lite,0.696969696969697,0.6459627329192547,10
E-MTAB-4945,published_markers_only,linear_svm,none,0.696969696969697,0.6645962732919255,10
E-MTAB-4945,published_markers_only,linear_svm,train_accession_zscore,0.5833333333333333,0.7763975155279502,10
E-MTAB-4945,published_markers_only,linear_svm,train_reference_quantile,0.4949494949494949,0.5465838509316769,10
E-MTAB-4945,published_markers_only,linear_svm,train_combat_lite,0.898989898989899,0.7080745341614907,10
E-MTAB-4945,published_markers_only,ridge_logreg,none,0.8,0.7142857142857142,10
E-MTAB-4945,published_markers_only,ridge_logreg,train_accession_zscore,0.8,0.7329192546583851,10
E-MTAB-4945,published_markers_only,ridge_logreg,train_reference_quantile,0.696969696969697,0.6894409937888198,10
E-MTAB-4945,published_markers_only,ridge_logreg,train_combat_lite,0.8,0.7267080745341614,10
E-MTAB-4945,scar_discriminative,linear_svm,none,0.6703296703296704,0.6335403726708074,10
E-MTAB-4945,scar_discriminative,linear_svm,train_accession_zscore,0.7619047619047619,0.6832298136645962,10
E-MTAB-4945,scar_discriminative,linear_svm,train_reference_quantile,0.2857142857142857,0.5279503105590062,10
E-MTAB-4945,scar_discriminative,linear_svm,train_combat_lite,0.5833333333333333,0.6894409937888198,10
E-MTAB-4945,scar_discriminative,ridge_logreg,none,0.6703296703296704,0.6086956521739131,10
E-MTAB-4945,scar_discriminative,ridge_logreg,train_accession_zscore,0.7619047619047619,0.6894409937888198,10
E-MTAB-4945,scar_discriminative,ridge_logreg,train_reference_quantile,0.6000000000000001,0.6024844720496895,10
E-MTAB-4945,scar_discriminative,ridge_logreg,train_combat_lite,0.696969696969697,0.6335403726708074,10
GSE158395,composition_only,linear_svm,none,0.8831168831168831,0.9722222222222222,9
GSE158395,composition_only,linear_svm,train_accession_zscore,0.8831168831168831,1.0,9
GSE158395,composition_only,linear_svm,train_reference_quantile,0.6666666666666666,1.0,9
GSE158395,composition_only,linear_svm,train_combat_lite,0.55,0.8888888888888888,9
GSE158395,composition_only,ridge_logreg,none,0.8831168831168831,0.9722222222222222,9
GSE158395,composition_only,ridge_logreg,train_accession_zscore,0.775,1.0,9
GSE158395,composition_only,ridge_logreg,train_reference_quantile,0.6666666666666666,1.0,9
GSE158395,composition_only,ridge_logreg,train_combat_lite,0.55,0.8888888888888888,9
GSE158395,rank_programs_only,linear_svm,none,1.0,1.0,9
GSE158395,rank_programs_only,linear_svm,train_accession_zscore,1.0,1.0,9
GSE158395,rank_programs_only,linear_svm,train_reference_quantile,0.55,1.0,9
GSE158395,rank_programs_only,linear_svm,train_combat_lite,1.0,0.9722222222222222,9
GSE158395,rank_programs_only,ridge_logreg,none,1.0,1.0,9
GSE158395,rank_programs_only,ridge_logreg,train_accession_zscore,1.0,1.0,9
GSE158395,rank_programs_only,ridge_logreg,train_reference_quantile,0.55,1.0,9
GSE158395,rank_programs_only,ridge_logreg,train_combat_lite,0.8831168831168831,1.0,9
GSE158395,fibrosis_only,linear_svm,none,1.0,1.0,9
GSE158395,fibrosis_only,linear_svm,train_accession_zscore,1.0,1.0,9
GSE158395,fibrosis_only,linear_svm,train_reference_quantile,0.775,1.0,9
GSE158395,fibrosis_only,linear_svm,train_combat_lite,0.8831168831168831,1.0,9
GSE158395,fibrosis_only,ridge_logreg,none,1.0,1.0,9
GSE158395,fibrosis_only,ridge_logreg,train_accession_zscore,1.0,1.0,9
GSE158395,fibrosis_only,ridge_logreg,train_reference_quantile,0.6666666666666666,1.0,9
GSE158395,fibrosis_only,ridge_logreg,train_combat_lite,0.8831168831168831,1.0,9
GSE158395,fused_multiview,linear_svm,none,1.0,0.9444444444444444,9
GSE158395,fused_multiview,linear_svm,train_accession_zscore,1.0,0.9444444444444444,9
GSE158395,fused_multiview,linear_svm,train_reference_quantile,0.775,0.9722222222222222,9
GSE158395,fused_multiview,linear_svm,train_combat_lite,0.775,0.9444444444444444,9
GSE158395,fused_multiview,ridge_logreg,none,1.0,0.9444444444444444,9
GSE158395,fused_multiview,ridge_logreg,train_accession_zscore,0.8831168831168831,0.9444444444444444,9
GSE158395,fused_multiview,ridge_logreg,train_reference_quantile,0.8831168831168831,1.0,9
GSE158395,fused_multiview,ridge_logreg,train_combat_lite,0.775,0.9444444444444444,9
GSE158395,low_i2_core_only,linear_svm,none,0.41558441558441556,0.5277777777777778,9
GSE158395,low_i2_core_only,linear_svm,train_accession_zscore,0.2222222222222222,0.6944444444444444,9
GSE158395,low_i2_core_only,linear_svm,train_reference_quantile,0.325,0.888888888888889,9
GSE158395,low_i2_core_only,linear_svm,train_combat_lite,0.41558441558441556,0.7777777777777778,9
GSE158395,low_i2_core_only,ridge_logreg,none,0.41558441558441556,0.9444444444444444,9
GSE158395,low_i2_core_only,ridge_logreg,train_accession_zscore,0.41558441558441556,0.9722222222222222,9
GSE158395,low_i2_core_only,ridge_logreg,train_reference_quantile,0.41558441558441556,1.0,9
GSE158395,low_i2_core_only,ridge_logreg,train_combat_lite,0.41558441558441556,1.0,9
GSE158395,published_markers_only,linear_svm,none,1.0,1.0,9
GSE158395,published_markers_only,linear_svm,train_accession_zscore,0.8831168831168831,1.0,9
GSE158395,published_markers_only,linear_svm,train_reference_quantile,0.775,0.9444444444444444,9
GSE158395,published_markers_only,linear_svm,train_combat_lite,0.8831168831168831,1.0,9
GSE158395,published_markers_only,ridge_logreg,none,1.0,1.0,9
GSE158395,published_markers_only,ridge_logreg,train_accession_zscore,1.0,1.0,9
GSE158395,published_markers_only,ridge_logreg,train_reference_quantile,0.6666666666666666,1.0,9
GSE158395,published_markers_only,ridge_logreg,train_combat_lite,1.0,1.0,9
GSE158395,scar_discriminative,linear_svm,none,1.0,0.9166666666666667,9
GSE158395,scar_discriminative,linear_svm,train_accession_zscore,1.0,0.9444444444444444,9
GSE158395,scar_discriminative,linear_svm,train_reference_quantile,0.6666666666666666,0.9722222222222222,9
GSE158395,scar_discriminative,linear_svm,train_combat_lite,0.775,0.9444444444444444,9
GSE158395,scar_discriminative,ridge_logreg,none,0.8831168831168831,0.9444444444444444,9
GSE158395,scar_discriminative,ridge_logreg,train_accession_zscore,0.8831168831168831,0.9444444444444444,9
GSE158395,scar_discriminative,ridge_logreg,train_reference_quantile,0.6666666666666666,1.0,9
GSE158395,scar_discriminative,ridge_logreg,train_combat_lite,0.775,1.0,9
GSE173900,composition_only,linear_svm,none,0.41558441558441556,0.3,9
GSE173900,composition_only,linear_svm,train_accession_zscore,0.18181818181818182,0.15000000000000002,9
GSE173900,composition_only,linear_svm,train_reference_quantile,0.325,0.15000000000000002,9
GSE173900,composition_only,linear_svm,train_combat_lite,0.18181818181818182,0.2,9
GSE173900,composition_only,ridge_logreg,none,0.18181818181818182,0.25,9
GSE173900,composition_only,ridge_logreg,train_accession_zscore,0.18181818181818182,0.15000000000000002,9
GSE173900,composition_only,ridge_logreg,train_reference_quantile,0.325,0.15000000000000002,9
GSE173900,composition_only,ridge_logreg,train_combat_lite,0.18181818181818182,0.2,9
GSE173900,rank_programs_only,linear_svm,none,0.325,0.30000000000000004,9
GSE173900,rank_programs_only,linear_svm,train_accession_zscore,0.41558441558441556,0.30000000000000004,9
GSE173900,rank_programs_only,linear_svm,train_reference_quantile,0.2222222222222222,0.2,9
GSE173900,rank_programs_only,linear_svm,train_combat_lite,0.325,0.30000000000000004,9
GSE173900,rank_programs_only,ridge_logreg,none,0.325,0.25,9
GSE173900,rank_programs_only,ridge_logreg,train_accession_zscore,0.325,0.25,9
GSE173900,rank_programs_only,ridge_logreg,train_reference_quantile,0.325,0.2,9
GSE173900,rank_programs_only,ridge_logreg,train_combat_lite,0.325,0.25,9
GSE173900,fibrosis_only,linear_svm,none,0.325,0.30000000000000004,9
GSE173900,fibrosis_only,linear_svm,train_accession_zscore,0.41558441558441556,0.35,9
GSE173900,fibrosis_only,linear_svm,train_reference_quantile,0.325,0.30000000000000004,9
GSE173900,fibrosis_only,linear_svm,train_combat_lite,0.325,0.30000000000000004,9
GSE173900,fibrosis_only,ridge_logreg,none,0.18181818181818182,0.25,9
GSE173900,fibrosis_only,ridge_logreg,train_accession_zscore,0.41558441558441556,0.35,9
GSE173900,fibrosis_only,ridge_logreg,train_reference_quantile,0.325,0.30000000000000004,9
GSE173900,fibrosis_only,ridge_logreg,train_combat_lite,0.325,0.30000000000000004,9
GSE173900,fused_multiview,linear_svm,none,0.18181818181818182,0.25,9
GSE173900,fused_multiview,linear_svm,train_accession_zscore,0.41558441558441556,0.25,9
GSE173900,fused_multiview,linear_svm,train_reference_quantile,0.2222222222222222,0.3,9
GSE173900,fused_multiview,linear_svm,train_combat_lite,0.41558441558441556,0.25,9
GSE173900,fused_multiview,ridge_logreg,none,0.325,0.25,9
GSE173900,fused_multiview,ridge_logreg,train_accession_zscore,0.325,0.30000000000000004,9
GSE173900,fused_multiview,ridge_logreg,train_reference_quantile,0.2222222222222222,0.2,9
GSE173900,fused_multiview,ridge_logreg,train_combat_lite,0.325,0.25,9
GSE173900,low_i2_core_only,linear_svm,none,0.41558441558441556,0.25,9
GSE173900,low_i2_core_only,linear_svm,train_accession_zscore,0.41558441558441556,0.45,9
GSE173900,low_i2_core_only,linear_svm,train_reference_quantile,0.18181818181818182,0.1,9
GSE173900,low_i2_core_only,linear_svm,train_combat_lite,0.41558441558441556,0.4,9
GSE173900,low_i2_core_only,ridge_logreg,none,0.41558441558441556,0.35,9
GSE173900,low_i2_core_only,ridge_logreg,train_accession_zscore,0.41558441558441556,0.45,9
GSE173900,low_i2_core_only,ridge_logreg,train_reference_quantile,0.41558441558441556,0.25,9
GSE173900,low_i2_core_only,ridge_logreg,train_combat_lite,0.41558441558441556,0.4,9
GSE173900,scar_discriminative,linear_svm,none,0.325,0.30000000000000004,9
GSE173900,scar_discriminative,linear_svm,train_accession_zscore,0.325,0.30000000000000004,9
GSE173900,scar_discriminative,linear_svm,train_reference_quantile,0.2222222222222222,0.30000000000000004,9
GSE173900,scar_discriminative,linear_svm,train_combat_lite,0.325,0.25,9
GSE173900,scar_discriminative,ridge_logreg,none,0.325,0.25,9
GSE173900,scar_discriminative,ridge_logreg,train_accession_zscore,0.325,0.30000000000000004,9
GSE173900,scar_discriminative,ridge_logreg,train_reference_quantile,0.2222222222222222,0.25,9
GSE173900,scar_discriminative,ridge_logreg,train_combat_lite,0.325,0.25,9
GSE181297,composition_only,linear_svm,none,0.8285714285714285,1.0,6
GSE181297,composition_only,linear_svm,train_accession_zscore,0.8285714285714285,1.0,6
GSE181297,composition_only,linear_svm,train_reference_quantile,0.8285714285714285,0.875,6
GSE181297,composition_only,linear_svm,train_combat_lite,0.6666666666666666,0.5,6
GSE181297,composition_only,ridge_logreg,none,0.8285714285714285,1.0,6
GSE181297,composition_only,ridge_logreg,train_accession_zscore,0.8285714285714285,1.0,6
GSE181297,composition_only,ridge_logreg,train_reference_quantile,0.8285714285714285,0.875,6
GSE181297,composition_only,ridge_logreg,train_combat_lite,0.6666666666666666,1.0,6
GSE181297,rank_programs_only,linear_svm,none,1.0,1.0,6
GSE181297,rank_programs_only,linear_svm,train_accession_zscore,0.8285714285714285,1.0,6
GSE181297,rank_programs_only,linear_svm,train_reference_quantile,0.8285714285714285,1.0,6
GSE181297,rank_programs_only,linear_svm,train_combat_lite,0.8285714285714285,1.0,6
GSE181297,rank_programs_only,ridge_logreg,none,1.0,1.0,6
GSE181297,rank_programs_only,ridge_logreg,train_accession_zscore,0.6666666666666666,1.0,6
GSE181297,rank_programs_only,ridge_logreg,train_reference_quantile,0.8285714285714285,1.0,6
GSE181297,rank_programs_only,ridge_logreg,train_combat_lite,0.6666666666666666,1.0,6
GSE181297,fibrosis_only,linear_svm,none,0.8285714285714285,1.0,6
GSE181297,fibrosis_only,linear_svm,train_accession_zscore,0.8285714285714285,1.0,6
GSE181297,fibrosis_only,linear_svm,train_reference_quantile,0.8285714285714285,1.0,6
GSE181297,fibrosis_only,linear_svm,train_combat_lite,0.8285714285714285,1.0,6
GSE181297,fibrosis_only,ridge_logreg,none,0.8285714285714285,1.0,6
GSE181297,fibrosis_only,ridge_logreg,train_accession_zscore,0.6666666666666666,1.0,6
GSE181297,fibrosis_only,ridge_logreg,train_reference_quantile,0.8285714285714285,1.0,6
GSE181297,fibrosis_only,ridge_logreg,train_combat_lite,0.6666666666666666,1.0,6
GSE181297,fused_multiview,linear_svm,none,0.8285714285714285,1.0,6
GSE181297,fused_multiview,linear_svm,train_accession_zscore,0.8285714285714285,1.0,6
GSE181297,fused_multiview,linear_svm,train_reference_quantile,0.6666666666666666,0.5,6
GSE181297,fused_multiview,linear_svm,train_combat_lite,0.8285714285714285,0.875,6
GSE181297,fused_multiview,ridge_logreg,none,1.0,1.0,6
GSE181297,fused_multiview,ridge_logreg,train_accession_zscore,1.0,1.0,6
GSE181297,fused_multiview,ridge_logreg,train_reference_quantile,0.6666666666666666,0.875,6
GSE181297,fused_multiview,ridge_logreg,train_combat_lite,0.8285714285714285,1.0,6
GSE181297,low_i2_core_only,linear_svm,none,0.8285714285714285,1.0,6
GSE181297,low_i2_core_only,linear_svm,train_accession_zscore,0.6666666666666666,1.0,6
GSE181297,low_i2_core_only,linear_svm,train_reference_quantile,1.0,1.0,6
GSE181297,low_i2_core_only,linear_svm,train_combat_lite,0.8285714285714285,1.0,6
GSE181297,low_i2_core_only,ridge_logreg,none,1.0,1.0,6
GSE181297,low_i2_core_only,ridge_logreg,train_accession_zscore,1.0,1.0,6
GSE181297,low_i2_core_only,ridge_logreg,train_reference_quantile,1.0,1.0,6
GSE181297,low_i2_core_only,ridge_logreg,train_combat_lite,1.0,1.0,6
GSE181297,published_markers_only,linear_svm,none,0.8285714285714285,1.0,6
GSE181297,published_markers_only,linear_svm,train_accession_zscore,0.8285714285714285,1.0,6
GSE181297,published_markers_only,linear_svm,train_reference_quantile,0.6666666666666666,0.875,6
GSE181297,published_markers_only,linear_svm,train_combat_lite,0.8285714285714285,1.0,6
GSE181297,published_markers_only,ridge_logreg,none,0.8285714285714285,1.0,6
GSE181297,published_markers_only,ridge_logreg,train_accession_zscore,0.8285714285714285,1.0,6
GSE181297,published_markers_only,ridge_logreg,train_reference_quantile,0.8285714285714285,1.0,6
GSE181297,published_markers_only,ridge_logreg,train_combat_lite,0.8285714285714285,1.0,6
GSE181297,scar_discriminative,linear_svm,none,1.0,1.0,6
GSE181297,scar_discriminative,linear_svm,train_accession_zscore,0.8285714285714285,1.0,6
GSE181297,scar_discriminative,linear_svm,train_reference_quantile,0.8285714285714285,1.0,6
GSE181297,scar_discriminative,linear_svm,train_combat_lite,0.8285714285714285,1.0,6
GSE181297,scar_discriminative,ridge_logreg,none,1.0,1.0,6
GSE181297,scar_discriminative,ridge_logreg,train_accession_zscore,1.0,1.0,6
GSE181297,scar_discriminative,ridge_logreg,train_reference_quantile,0.8285714285714285,1.0,6
GSE181297,scar_discriminative,ridge_logreg,train_combat_lite,1.0,1.0,6
GSE181316,composition_only,linear_svm,none,1.0,1.0,4
GSE181316,composition_only,linear_svm,train_accession_zscore,1.0,1.0,4
GSE181316,composition_only,linear_svm,train_reference_quantile,0.7333333333333334,1.0,4
GSE181316,composition_only,linear_svm,train_combat_lite,1.0,1.0,4
GSE181316,composition_only,ridge_logreg,none,1.0,1.0,4
GSE181316,composition_only,ridge_logreg,train_accession_zscore,1.0,1.0,4
GSE181316,composition_only,ridge_logreg,train_reference_quantile,0.7333333333333334,1.0,4
GSE181316,composition_only,ridge_logreg,train_combat_lite,1.0,1.0,4
GSE181316,rank_programs_only,linear_svm,none,1.0,1.0,4
GSE181316,rank_programs_only,linear_svm,train_accession_zscore,1.0,1.0,4
GSE181316,rank_programs_only,linear_svm,train_reference_quantile,0.7333333333333334,1.0,4
GSE181316,rank_programs_only,linear_svm,train_combat_lite,0.7333333333333334,1.0,4
GSE181316,rank_programs_only,ridge_logreg,none,1.0,1.0,4
GSE181316,rank_programs_only,ridge_logreg,train_accession_zscore,1.0,1.0,4
GSE181316,rank_programs_only,ridge_logreg,train_reference_quantile,0.7333333333333334,1.0,4
GSE181316,rank_programs_only,ridge_logreg,train_combat_lite,1.0,1.0,4
GSE181316,fibrosis_only,linear_svm,none,1.0,1.0,4
GSE181316,fibrosis_only,linear_svm,train_accession_zscore,1.0,1.0,4
GSE181316,fibrosis_only,linear_svm,train_reference_quantile,1.0,1.0,4
GSE181316,fibrosis_only,linear_svm,train_combat_lite,1.0,1.0,4
GSE181316,fibrosis_only,ridge_logreg,none,1.0,1.0,4
GSE181316,fibrosis_only,ridge_logreg,train_accession_zscore,1.0,1.0,4
GSE181316,fibrosis_only,ridge_logreg,train_reference_quantile,1.0,1.0,4
GSE181316,fibrosis_only,ridge_logreg,train_combat_lite,1.0,1.0,4
GSE181316,fused_multiview,linear_svm,none,1.0,1.0,4
GSE181316,fused_multiview,linear_svm,train_accession_zscore,1.0,1.0,4
GSE181316,fused_multiview,linear_svm,train_reference_quantile,0.7333333333333334,1.0,4
GSE181316,fused_multiview,linear_svm,train_combat_lite,1.0,1.0,4
GSE181316,fused_multiview,ridge_logreg,none,1.0,1.0,4
GSE181316,fused_multiview,ridge_logreg,train_accession_zscore,1.0,1.0,4
GSE181316,fused_multiview,ridge_logreg,train_reference_quantile,1.0,1.0,4
GSE181316,fused_multiview,ridge_logreg,train_combat_lite,1.0,1.0,4
GSE181316,low_i2_core_only,linear_svm,none,0.7333333333333334,0.5,4
GSE181316,low_i2_core_only,linear_svm,train_accession_zscore,0.7333333333333334,0.5,4
GSE181316,low_i2_core_only,linear_svm,train_reference_quantile,1.0,1.0,4
GSE181316,low_i2_core_only,linear_svm,train_combat_lite,0.7333333333333334,0.5,4
GSE181316,low_i2_core_only,ridge_logreg,none,1.0,1.0,4
GSE181316,low_i2_core_only,ridge_logreg,train_accession_zscore,1.0,1.0,4
GSE181316,low_i2_core_only,ridge_logreg,train_reference_quantile,1.0,1.0,4
GSE181316,low_i2_core_only,ridge_logreg,train_combat_lite,0.7333333333333334,1.0,4
GSE181316,scar_discriminative,linear_svm,none,0.42857142857142855,1.0,4
GSE181316,scar_discriminative,linear_svm,train_accession_zscore,1.0,1.0,4
GSE181316,scar_discriminative,linear_svm,train_reference_quantile,1.0,1.0,4
GSE181316,scar_discriminative,linear_svm,train_combat_lite,1.0,1.0,4
GSE181316,scar_discriminative,ridge_logreg,none,1.0,1.0,4
GSE181316,scar_discriminative,ridge_logreg,train_accession_zscore,1.0,1.0,4
GSE181316,scar_discriminative,ridge_logreg,train_reference_quantile,1.0,1.0,4
GSE181316,scar_discriminative,ridge_logreg,train_combat_lite,1.0,1.0,4
GSE190626,composition_only,linear_svm,none,1.0,1.0,6
GSE190626,composition_only,linear_svm,train_accession_zscore,1.0,1.0,6
GSE190626,composition_only,linear_svm,train_reference_quantile,1.0,1.0,6
GSE190626,composition_only,linear_svm,train_combat_lite,1.0,1.0,6
GSE190626,composition_only,ridge_logreg,none,1.0,1.0,6
GSE190626,composition_only,ridge_logreg,train_accession_zscore,1.0,1.0,6
GSE190626,composition_only,ridge_logreg,train_reference_quantile,1.0,1.0,6
GSE190626,composition_only,ridge_logreg,train_combat_lite,1.0,1.0,6
GSE190626,rank_programs_only,linear_svm,none,1.0,1.0,6
GSE190626,rank_programs_only,linear_svm,train_accession_zscore,1.0,1.0,6
GSE190626,rank_programs_only,linear_svm,train_reference_quantile,1.0,1.0,6
GSE190626,rank_programs_only,linear_svm,train_combat_lite,1.0,1.0,6
GSE190626,rank_programs_only,ridge_logreg,none,1.0,1.0,6
GSE190626,rank_programs_only,ridge_logreg,train_accession_zscore,1.0,1.0,6
GSE190626,rank_programs_only,ridge_logreg,train_reference_quantile,1.0,1.0,6
GSE190626,rank_programs_only,ridge_logreg,train_combat_lite,1.0,1.0,6
GSE190626,fibrosis_only,linear_svm,none,0.8285714285714285,1.0,6
GSE190626,fibrosis_only,linear_svm,train_accession_zscore,1.0,1.0,6
GSE190626,fibrosis_only,linear_svm,train_reference_quantile,1.0,1.0,6
GSE190626,fibrosis_only,linear_svm,train_combat_lite,1.0,1.0,6
GSE190626,fibrosis_only,ridge_logreg,none,1.0,1.0,6
GSE190626,fibrosis_only,ridge_logreg,train_accession_zscore,1.0,1.0,6
GSE190626,fibrosis_only,ridge_logreg,train_reference_quantile,1.0,1.0,6
GSE190626,fibrosis_only,ridge_logreg,train_combat_lite,1.0,1.0,6
GSE190626,fused_multiview,linear_svm,none,0.8285714285714285,1.0,6
GSE190626,fused_multiview,linear_svm,train_accession_zscore,0.8285714285714285,0.888888888888889,6
GSE190626,fused_multiview,linear_svm,train_reference_quantile,0.8285714285714285,0.6666666666666666,6
GSE190626,fused_multiview,linear_svm,train_combat_lite,0.8285714285714285,0.7777777777777779,6
GSE190626,fused_multiview,ridge_logreg,none,0.8285714285714285,1.0,6
GSE190626,fused_multiview,ridge_logreg,train_accession_zscore,0.8285714285714285,1.0,6
GSE190626,fused_multiview,ridge_logreg,train_reference_quantile,0.8285714285714285,1.0,6
GSE190626,fused_multiview,ridge_logreg,train_combat_lite,0.8285714285714285,1.0,6
GSE190626,low_i2_core_only,linear_svm,none,1.0,1.0,6
GSE190626,low_i2_core_only,linear_svm,train_accession_zscore,1.0,1.0,6
GSE190626,low_i2_core_only,linear_svm,train_reference_quantile,0.6666666666666666,0.888888888888889,6
GSE190626,low_i2_core_only,linear_svm,train_combat_lite,1.0,1.0,6
GSE190626,low_i2_core_only,ridge_logreg,none,1.0,1.0,6
GSE190626,low_i2_core_only,ridge_logreg,train_accession_zscore,1.0,1.0,6
GSE190626,low_i2_core_only,ridge_logreg,train_reference_quantile,0.8285714285714285,1.0,6
GSE190626,low_i2_core_only,ridge_logreg,train_combat_lite,1.0,1.0,6
GSE190626,scar_discriminative,linear_svm,none,1.0,1.0,6
GSE190626,scar_discriminative,linear_svm,train_accession_zscore,0.8285714285714285,1.0,6
GSE190626,scar_discriminative,linear_svm,train_reference_quantile,0.8285714285714285,1.0,6
GSE190626,scar_discriminative,linear_svm,train_combat_lite,0.8285714285714285,1.0,6
GSE190626,scar_discriminative,ridge_logreg,none,1.0,1.0,6
GSE190626,scar_discriminative,ridge_logreg,train_accession_zscore,1.0,1.0,6
GSE190626,scar_discriminative,ridge_logreg,train_reference_quantile,1.0,1.0,6
GSE190626,scar_discriminative,ridge_logreg,train_combat_lite,1.0,1.0,6
GSE92566,composition_only,linear_svm,none,0.0,0.6666666666666667,3
GSE92566,composition_only,linear_svm,train_accession_zscore,0.25,0.7500000000000001,3
GSE92566,composition_only,linear_svm,train_reference_quantile,0.4,1.0,3
GSE92566,composition_only,linear_svm,train_combat_lite,0.4,0.9166666666666667,3
GSE92566,composition_only,ridge_logreg,none,0.25,0.7500000000000001,3
GSE92566,composition_only,ridge_logreg,train_accession_zscore,0.4,0.8333333333333334,3
GSE92566,composition_only,ridge_logreg,train_reference_quantile,0.25,1.0,3
GSE92566,composition_only,ridge_logreg,train_combat_lite,0.4,1.0,3
GSE92566,rank_programs_only,linear_svm,none,0.4,1.0,3
GSE92566,rank_programs_only,linear_svm,train_accession_zscore,0.25,1.0,3
GSE92566,rank_programs_only,linear_svm,train_reference_quantile,0.25,0.9166666666666667,3
GSE92566,rank_programs_only,linear_svm,train_combat_lite,0.4,0.9166666666666667,3
GSE92566,rank_programs_only,ridge_logreg,none,0.25,1.0,3
GSE92566,rank_programs_only,ridge_logreg,train_accession_zscore,0.25,1.0,3
GSE92566,rank_programs_only,ridge_logreg,train_reference_quantile,0.4,1.0,3
GSE92566,rank_programs_only,ridge_logreg,train_combat_lite,0.25,1.0,3
GSE92566,fibrosis_only,linear_svm,none,0.25,1.0,3
GSE92566,fibrosis_only,linear_svm,train_accession_zscore,0.25,1.0,3
GSE92566,fibrosis_only,linear_svm,train_reference_quantile,0.25,1.0,3
GSE92566,fibrosis_only,linear_svm,train_combat_lite,0.25,1.0,3
GSE92566,fibrosis_only,ridge_logreg,none,0.25,1.0,3
GSE92566,fibrosis_only,ridge_logreg,train_accession_zscore,0.25,1.0,3
GSE92566,fibrosis_only,ridge_logreg,train_reference_quantile,0.25,1.0,3
GSE92566,fibrosis_only,ridge_logreg,train_combat_lite,0.25,1.0,3
GSE92566,fused_multiview,linear_svm,none,0.25,0.9166666666666667,3
GSE92566,fused_multiview,linear_svm,train_accession_zscore,0.25,1.0,3
GSE92566,fused_multiview,linear_svm,train_reference_quantile,0.4,1.0,3
GSE92566,fused_multiview,linear_svm,train_combat_lite,0.25,1.0,3
GSE92566,fused_multiview,ridge_logreg,none,0.25,1.0,3
GSE92566,fused_multiview,ridge_logreg,train_accession_zscore,0.25,1.0,3
GSE92566,fused_multiview,ridge_logreg,train_reference_quantile,0.25,1.0,3
GSE92566,fused_multiview,ridge_logreg,train_combat_lite,0.25,1.0,3
GSE92566,low_i2_core_only,linear_svm,none,0.4,1.0,3
GSE92566,low_i2_core_only,linear_svm,train_accession_zscore,0.25,1.0,3
GSE92566,low_i2_core_only,linear_svm,train_reference_quantile,1.0,1.0,3
GSE92566,low_i2_core_only,linear_svm,train_combat_lite,0.4,1.0,3
GSE92566,low_i2_core_only,ridge_logreg,none,0.25,1.0,3
GSE92566,low_i2_core_only,ridge_logreg,train_accession_zscore,0.25,1.0,3
GSE92566,low_i2_core_only,ridge_logreg,train_reference_quantile,0.25,1.0,3
GSE92566,low_i2_core_only,ridge_logreg,train_combat_lite,0.4,1.0,3
GSE92566,published_markers_only,linear_svm,none,0.25,1.0,3
GSE92566,published_markers_only,linear_svm,train_accession_zscore,0.4,1.0,3
GSE92566,published_markers_only,linear_svm,train_reference_quantile,0.4,1.0,3
GSE92566,published_markers_only,linear_svm,train_combat_lite,0.4,1.0,3
GSE92566,published_markers_only,ridge_logreg,none,0.4,1.0,3
GSE92566,published_markers_only,ridge_logreg,train_accession_zscore,0.4,1.0,3
GSE92566,published_markers_only,ridge_logreg,train_reference_quantile,1.0,1.0,3
GSE92566,published_markers_only,ridge_logreg,train_combat_lite,0.4,1.0,3
GSE92566,scar_discriminative,linear_svm,none,0.25,0.8333333333333334,3
GSE92566,scar_discriminative,linear_svm,train_accession_zscore,0.25,1.0,3
GSE92566,scar_discriminative,linear_svm,train_reference_quantile,0.25,1.0,3
GSE92566,scar_discriminative,linear_svm,train_combat_lite,0.25,0.9166666666666667,3
GSE92566,scar_discriminative,ridge_logreg,none,0.25,0.8333333333333334,3
GSE92566,scar_discriminative,ridge_logreg,train_accession_zscore,0.25,0.9166666666666667,3
GSE92566,scar_discriminative,ridge_logreg,train_reference_quantile,0.25,1.0,3
GSE92566,scar_discriminative,ridge_logreg,train_combat_lite,0.25,0.9166666666666667,3
Sun_Burns,composition_only,linear_svm,none,0.7564935064935066,0.9044117647058824,1
Sun_Burns,composition_only,linear_svm,train_accession_zscore,0.6753246753246753,0.7647058823529411,1
Sun_Burns,composition_only,linear_svm,train_reference_quantile,0.7028862478777589,0.8455882352941176,1
Sun_Burns,composition_only,linear_svm,train_combat_lite,0.7395833333333333,0.8235294117647058,1
Sun_Burns,composition_only,ridge_logreg,none,0.6794871794871795,0.8014705882352942,1
Sun_Burns,composition_only,ridge_logreg,train_accession_zscore,0.548440065681445,0.75,1
Sun_Burns,composition_only,ridge_logreg,train_reference_quantile,0.6666666666666666,0.8308823529411764,1
Sun_Burns,composition_only,ridge_logreg,train_combat_lite,0.7395833333333333,0.8014705882352942,1
Sun_Burns,rank_programs_only,linear_svm,none,0.75,0.8970588235294117,1
Sun_Burns,rank_programs_only,linear_svm,train_accession_zscore,0.8263888888888888,0.9558823529411764,1
Sun_Burns,rank_programs_only,linear_svm,train_reference_quantile,0.7564935064935066,0.8897058823529411,1
Sun_Burns,rank_programs_only,linear_svm,train_combat_lite,0.8263888888888888,0.9558823529411764,1
Sun_Burns,rank_programs_only,ridge_logreg,none,0.7126436781609196,0.8308823529411764,1
Sun_Burns,rank_programs_only,ridge_logreg,train_accession_zscore,0.8333333333333334,0.9411764705882353,1
Sun_Burns,rank_programs_only,ridge_logreg,train_reference_quantile,0.7564935064935066,0.9411764705882353,1
Sun_Burns,rank_programs_only,ridge_logreg,train_combat_lite,0.8333333333333334,0.9558823529411764,1
Sun_Burns,fibrosis_only,linear_svm,none,0.7181964573268921,0.9411764705882353,1
Sun_Burns,fibrosis_only,linear_svm,train_accession_zscore,0.9131944444444444,0.9779411764705882,1
Sun_Burns,fibrosis_only,linear_svm,train_reference_quantile,0.7564935064935066,0.9485294117647058,1
Sun_Burns,fibrosis_only,linear_svm,train_combat_lite,0.8726655348047538,0.9852941176470589,1
Sun_Burns,fibrosis_only,ridge_logreg,none,0.6753246753246753,0.8529411764705882,1
Sun_Burns,fibrosis_only,ridge_logreg,train_accession_zscore,0.7877758913412564,0.9338235294117647,1
Sun_Burns,fibrosis_only,ridge_logreg,train_reference_quantile,0.7564935064935066,0.9338235294117647,1
Sun_Burns,fibrosis_only,ridge_logreg,train_combat_lite,0.8726655348047538,0.9485294117647058,1
Sun_Burns,fused_multiview,linear_svm,none,0.8333333333333334,0.9191176470588235,1
Sun_Burns,fused_multiview,linear_svm,train_accession_zscore,0.8263888888888888,0.9264705882352942,1
Sun_Burns,fused_multiview,linear_svm,train_reference_quantile,0.75,0.8602941176470588,1
Sun_Burns,fused_multiview,linear_svm,train_combat_lite,0.7126436781609196,0.8823529411764706,1
Sun_Burns,fused_multiview,ridge_logreg,none,0.7877758913412564,0.8897058823529411,1
Sun_Burns,fused_multiview,ridge_logreg,train_accession_zscore,0.7877758913412564,0.9338235294117647,1
Sun_Burns,fused_multiview,ridge_logreg,train_reference_quantile,0.7564935064935066,0.8970588235294117,1
Sun_Burns,fused_multiview,ridge_logreg,train_combat_lite,0.75,0.9264705882352942,1
Sun_Burns,low_i2_core_only,linear_svm,none,0.8263888888888888,0.8602941176470589,1
Sun_Burns,low_i2_core_only,linear_svm,train_accession_zscore,0.7877758913412564,0.8970588235294118,1
Sun_Burns,low_i2_core_only,linear_svm,train_reference_quantile,0.8263888888888888,0.926470588235294,1
Sun_Burns,low_i2_core_only,linear_svm,train_combat_lite,0.8333333333333334,0.9411764705882353,1
Sun_Burns,low_i2_core_only,ridge_logreg,none,0.8726655348047538,0.9411764705882353,1
Sun_Burns,low_i2_core_only,ridge_logreg,train_accession_zscore,0.9131944444444444,0.9485294117647058,1
Sun_Burns,low_i2_core_only,ridge_logreg,train_reference_quantile,0.8726655348047538,0.9632352941176471,1
Sun_Burns,low_i2_core_only,ridge_logreg,train_combat_lite,0.9131944444444444,0.9632352941176471,1
Sun_Burns,published_markers_only,linear_svm,none,0.40476190476190477,0.5,1
Sun_Burns,published_markers_only,linear_svm,train_accession_zscore,0.40476190476190477,0.5,1
Sun_Burns,published_markers_only,linear_svm,train_reference_quantile,0.24242424242424243,0.5,1
Sun_Burns,published_markers_only,linear_svm,train_combat_lite,0.40476190476190477,0.5,1
Sun_Burns,published_markers_only,ridge_logreg,none,0.40476190476190477,0.5,1
Sun_Burns,published_markers_only,ridge_logreg,train_accession_zscore,0.40476190476190477,0.5,1
Sun_Burns,published_markers_only,ridge_logreg,train_reference_quantile,0.24242424242424243,0.5,1
Sun_Burns,published_markers_only,ridge_logreg,train_combat_lite,0.40476190476190477,0.5,1
Sun_Burns,scar_discriminative,linear_svm,none,0.7126436781609196,0.7794117647058822,1
Sun_Burns,scar_discriminative,linear_svm,train_accession_zscore,0.75,0.8970588235294118,1
Sun_Burns,scar_discriminative,linear_svm,train_reference_quantile,0.6305418719211823,0.6985294117647058,1
Sun_Burns,scar_discriminative,linear_svm,train_combat_lite,0.7126436781609196,0.875,1
Sun_Burns,scar_discriminative,ridge_logreg,none,0.75,0.8529411764705882,1
Sun_Burns,scar_discriminative,ridge_logreg,train_accession_zscore,0.75,0.9338235294117647,1
Sun_Burns,scar_discriminative,ridge_logreg,train_reference_quantile,0.7181964573268921,0.8235294117647058,1
Sun_Burns,scar_discriminative,ridge_logreg,train_combat_lite,0.75,0.9191176470588235,1
