sample_id,accession,patient_id,split_group,platform_id,modality,disease_label,keloid_vs_normal,lesional_status,cell_type,keloid_vs_unaffected_skin,cohort_role,lockbox,ecm_profibrotic_rank,remodeling_rank,yap_taz_mechano_rank,wound_inflammation_rank,fibroblast_identity_rank,keratinocyte_compartment_rank,immune_activation_rank,jak_stat_th2_rank,epidermal_keratinization_rank,lipid_metabolism_rank,sensory_neural_rank,hypoxia_vascular_rank,fibroblast_composition_rank,keratinocyte_composition_rank,immune_composition_rank,endothelial_composition_rank
GSM2432365,GSE92566,JKR 782-001,microarray|GSE92566|JKR 782-001,GPL570,microarray,keloid,keloid,non_lesional,bulk_skin,non_keloid,existing,False,-0.7790442132639792,-0.7322728961545606,-0.2097529258777634,-0.5035435630689207,-0.5107661465106199,0.7139412657130472,0.6794664788325386,-0.4322354518855656,0.6740165799739921,-0.2705014629388818,-0.1105819245773732,-0.47777261749953553,-0.549229054430615,0.5261424856028236,0.43624992259582634,0.1660034677069787
GSM2432366,GSE92566,JKR 782-001,microarray|GSE92566|JKR 782-001,GPL570,microarray,keloid,keloid,lesional,bulk_skin,keloid,existing,False,0.24887353706111837,0.3662525543377299,-0.410649266208434,-0.14279908972691807,0.42081166016471594,-0.3217436064152579,-0.07495123537061121,0.023250568920676284,-0.14947307108799313,-0.49813068920676207,0.05268205461638498,0.22727800483002042,0.3527505573100501,-0.4015604681404421,0.14658957210972823,0.08509536194191603
GSM2432367,GSE92566,JKR 782-003,microarray|GSE92566|JKR 782-003,GPL570,microarray,keloid,keloid,non_lesional,bulk_skin,non_keloid,existing,False,-0.5196684005201561,-0.2802410365966933,-0.5598156232584061,-0.03429372561768529,-0.39630743389683565,0.45115951452102304,0.047009102730819236,0.057712938881664455,0.09099479843953184,-0.08618741872561764,0.21842083875162546,0.038512446591120186,-0.09488203603938317,0.4072461917146573,0.13988791875657927,0.014711746857390545
GSM2432368,GSE92566,JKR 782-003,microarray|GSE92566|JKR 782-003,GPL570,microarray,keloid,keloid,lesional,bulk_skin,keloid,existing,False,0.038364759427828354,-0.06928989411109043,-0.28253994055359466,-0.3537101755526657,-0.10075856090160384,0.08709904638058086,-0.3055320762895536,-0.5204872399219767,0.021677232336367647,-0.41742929128738626,-0.08281046814044207,-0.15438649451978437,0.15851987739178885,0.15978775775589815,-0.30615053563688144,0.12381447767663645
GSM2432369,GSE92566,JKR 782-003,microarray|GSE92566|JKR 782-003,GPL570,microarray,keloid,keloid,new_keloid_formation,bulk_skin,keloid,existing,False,0.8307737321196359,0.8823007616570685,0.8213449749210479,0.6167181404421326,0.728809059384482,-0.825742306025141,-0.2272088571015749,0.5980920838751626,-0.6742387299523191,0.3291653120936281,0.0214239271781535,0.5411155489503995,0.44477637934237413,-0.6992731748095858,0.11523778562140052,-0.12568920676202855
GSM2432370,GSE92566,JKR 782-004,microarray|GSE92566|JKR 782-004,GPL570,microarray,keloid,keloid,non_lesional,bulk_skin,non_keloid,existing,False,-0.462654421326398,-0.6670885194129668,-0.20586104402749403,-0.2856225617685305,-0.5070925444299957,0.4544267446900737,0.07602044502239563,-0.342906778283485,0.4920892934547031,0.018563068920676162,-0.03736996098829648,-0.409040033438603,-0.3718883522199517,0.4949900148616015,-0.2729317604805251,-0.0774815778066753
GSM2432371,GSE92566,JKR 782-004,microarray|GSE92566|JKR 782-004,GPL570,microarray,keloid,keloid,lesional,bulk_skin,keloid,existing,False,0.2040783485045513,-0.029651216793609603,0.1362158647594277,-0.16445871261378409,0.09373374512353705,0.03760294755093185,-0.09746965756393589,-0.36568798764629384,-0.2359747507585609,-0.21937987646293888,-0.024227893368010456,-0.13706344046070962,0.33982096414638674,0.12600083596507528,-0.1854449191900427,0.0558604247941048
E-MTAB-4945_Sample_29,E-MTAB-4945,03ss0091,microarray|E-MTAB-4945|03ss0091,E-MTAB-4945,microarray,normal,normal,unknown,whole_skin,non_keloid,existing,False,-0.2841788512803943,-0.2930192838101393,-0.3622263510784393,-0.3744193795944746,-0.14307159975226869,0.2252605218515228,0.029970110671298178,-0.20494890540431387,0.09702503567870324,-0.18834821067937635,-0.20742285321916154,-0.37246258063771603,0.029590723921849138,0.24942587100273506,-0.1168867013644459,0.05170315318954133
E-MTAB-4945_Sample_30,E-MTAB-4945,19KD0014,microarray|E-MTAB-4945|19KD0014,E-MTAB-4945,microarray,keloid,keloid,unknown,whole_skin,keloid,existing,False,0.009433314484207145,0.19889386403240517,-0.2900476613619841,0.14392317634703933,-0.28078802811212544,0.06634892425343997,-0.23042383606645672,0.15432890378867437,0.08228232625144738,-0.17909867517570088,-0.07262299054850951,0.25876484368688923,-0.18165268369242837,0.10137992914267246,-0.23000453917733182,0.2194442200500848
E-MTAB-4945_Sample_31,E-MTAB-4945,19KD0023,microarray|E-MTAB-4945|19KD0023,E-MTAB-4945,microarray,keloid,keloid,unknown,whole_skin,keloid,existing,False,0.5257229986267067,0.7968218065156428,0.13132551671609738,0.6453823006704904,0.41711769932950954,-0.5693109298004686,-0.3131849637827504,0.41322501817594315,-0.4444177976142393,-0.004382421843444617,-0.12845847806769534,0.7988586661742814,0.19872797248796925,-0.5183072138298732,-0.01709981189341403,0.29131863101489064
E-MTAB-4945_Sample_32,E-MTAB-4945,19KD0015,microarray|E-MTAB-4945|19KD0015,E-MTAB-4945,microarray,keloid,keloid,unknown,whole_skin,keloid,existing,False,0.05828419096857573,0.559689220223189,-0.2626192976584768,0.5643832296631391,-0.0159409753076446,-0.23452352101677565,0.08008634694958316,0.391040269811778,0.061122499124862006,-0.2618497051458115,-0.27608752726391467,0.634325989867633,0.016632430498655593,-0.2467326578421981,0.04036117233871506,0.165271831327248
E-MTAB-4945_Sample_1,E-MTAB-4945,02ss0075,microarray|E-MTAB-4945|02ss0075,E-MTAB-4945,microarray,normal,normal,unknown,epidermis,non_keloid,existing,False,-0.6078964375151467,-0.6426003715970595,-0.29467242911382174,-0.5177265934243477,-0.6947552306325229,0.7462974930662144,0.004647207187800151,-0.3427629453106067,0.5246460739962839,-0.37538371435495593,-0.06472150416027139,-0.6236858504610343,-0.398542173958201,0.73774854880962,-0.07124488861705114,-0.21765624579260576
E-MTAB-4945_Sample_2,E-MTAB-4945,03ss0082,microarray|E-MTAB-4945|03ss0082,E-MTAB-4945,microarray,normal,normal,unknown,epidermis,non_keloid,existing,False,-0.5563454237014299,-0.8058145707592351,-0.4770261848983879,-0.7371859600937072,-0.5985338072542209,0.5821148719605787,-0.0582011650555152,-0.5610055335649083,0.4550978471605138,-0.4001029970110672,-0.31747313999515303,-0.6805563569639828,-0.24127554729784317,0.6406731446112658,-0.14174254401655645,-0.31778818967606426
E-MTAB-4945_Sample_3,E-MTAB-4945,20KD0026,microarray|E-MTAB-4945|20KD0026,E-MTAB-4945,microarray,keloid,keloid,unknown,epidermis,keloid,existing,False,-0.6146457710638986,-0.7563269592512666,-0.4164945241364984,-0.5863256321189111,-0.5227805153889652,0.535200743194119,0.13156690093437812,-0.3592929558122627,0.29837746048415326,-0.10203267630664825,-0.12339445835689478,-0.3986705595882427,-0.3224325759062005,0.44442200500848206,-0.09035751791628677,-0.09482187575733092
E-MTAB-4945_Sample_4,E-MTAB-4945,20KD0026,microarray|E-MTAB-4945|20KD0026,E-MTAB-4945,microarray,keloid,keloid,unknown,epidermis,keloid,existing,False,-0.7489054043137571,-0.8334420043160652,-0.5660767659515539,-0.7092606430244769,-0.735206801841829,0.777136009909255,0.08276337165989,-0.4714082316826884,0.5396917158090313,-0.2354239033847645,0.062272800710881426,-0.7385578110394331,-0.36225520178181936,0.7733589719917372,0.005296027450482577,-0.20013732934808948
E-MTAB-4945_Sample_5,E-MTAB-4945,02ss0075,microarray|E-MTAB-4945|02ss0075,E-MTAB-4945,microarray,normal,normal,unknown,dermis,non_keloid,existing,False,0.08818159786735602,0.2379086702133798,0.048451871256621315,0.23787260683415457,0.3135451167299459,-0.3223133263322292,0.2660531724874562,0.24611741659261654,-0.23770346958558852,-0.06984106147507874,-0.0506452459810971,0.3681753661154259,0.10426211441034927,-0.3617402167264837,0.34399559161252347,0.20050892640762574
E-MTAB-4945_Sample_6,E-MTAB-4945,03ss0082,microarray|E-MTAB-4945|03ss0082,E-MTAB-4945,microarray,normal,normal,unknown,dermis,non_keloid,existing,False,0.09006179820664029,0.3142245507945484,0.00045872618374431795,0.17315110267388317,0.3186411126369927,-0.3784567951099981,0.3018306091858075,0.33049923257129016,-0.33695926569189755,0.1269791582518781,0.3029475321108329,0.5771640912605449,0.16586413626764218,-0.4522881492850795,0.3429069584049792,0.27840697956216176
E-MTAB-4945_Sample_7,E-MTAB-4945,20KD0026,microarray|E-MTAB-4945|20KD0026,E-MTAB-4945,microarray,keloid,keloid,unknown,dermis,keloid,existing,False,0.2744971322400842,0.13510495885889695,0.08575294565681507,-0.2693068907019953,0.36063090718151714,-0.2727199289118668,-0.1346343718304297,-0.1830973826641893,-0.2089046974715244,0.08153930042814445,-0.1898931658453833,-0.155917856277336,0.1565367038648402,-0.2499120053546905,-0.06981004696894522,0.06602579637558237
E-MTAB-4945_Sample_8,E-MTAB-4945,20KD0026,microarray|E-MTAB-4945|20KD0026,E-MTAB-4945,microarray,keloid,keloid,unknown,dermis,keloid,existing,False,0.5433718394054448,0.5036178782038705,0.31514200316203705,0.423398497455368,0.5044362764897542,-0.5586073188464336,0.08275439588550504,0.47001979158251866,-0.555353320138945,0.2567049034655465,0.13662755472978438,0.4037194326797687,0.2701493312406956,-0.6116594347570194,0.057777380279197765,0.15545951476963682
E-MTAB-4945_Sample_9,E-MTAB-4945,20KD0027,microarray|E-MTAB-4945|20KD0027,E-MTAB-4945,microarray,keloid,keloid,unknown,epidermis,keloid,existing,False,-0.678814928507957,-0.8375503444773984,-0.5376184321373756,-0.707331973503514,-0.7394209279155559,0.8099402213425962,-0.052799992819380415,-0.6730905161967848,0.5356812276166627,-0.2388571370870023,-0.03010643024476939,-0.7135673317715485,-0.43613608299770346,0.7884233667616816,-0.014655195627002682,-0.22742009316853817
E-MTAB-4945_Sample_10,E-MTAB-4945,20KD0027,microarray|E-MTAB-4945|20KD0027,E-MTAB-4945,microarray,keloid,keloid,unknown,dermis,keloid,existing,False,0.5851926649971728,0.46224308448639984,0.2358746956250794,-0.05127635511753775,0.451513988744379,-0.4855938821121793,-0.37541625153710134,0.0407746990871638,-0.5417078991302474,0.24042228774537527,-0.21440039583165038,0.16349405098496295,0.3125439973226548,-0.40634340415219333,-0.14874364803680595,0.11507930096669094
E-MTAB-4945_Sample_11,E-MTAB-4945,20KD0027,microarray|E-MTAB-4945|20KD0027,E-MTAB-4945,microarray,keloid,keloid,unknown,epidermis,keloid,existing,False,-0.35925761370062204,-0.4838609165291449,-0.5272523744128882,-0.7881896760643025,-0.46367840697956214,0.4941365753830412,-0.4988712963710944,-0.8023618628322159,0.2445396437515147,-0.26883229663139185,0.05442180305355848,-0.5547932558595778,-0.0786513450197916,0.5665830957958755,-0.3782394531445342,-0.2961143872687616
E-MTAB-4945_Sample_12,E-MTAB-4945,20KD0027,microarray|E-MTAB-4945|20KD0027,E-MTAB-4945,microarray,keloid,keloid,unknown,dermis,keloid,existing,False,0.5585164391307861,0.6563592720390523,0.16549628979954528,0.2814898214718474,0.5168329428871474,-0.5226660742655573,-0.10676908025239873,0.28407989336780026,-0.49112828849934026,0.17244426044106959,0.08625494789562971,0.406881469770233,0.21903454006208667,-0.5543677079847207,0.07470504964244362,0.2747744836685786
E-MTAB-4945_Sample_13,E-MTAB-4945,20KD0031,microarray|E-MTAB-4945|20KD0031,E-MTAB-4945,microarray,keloid,keloid,unknown,epidermis,keloid,existing,False,-0.5829267307536957,-0.8572640300970538,-0.5235364038175252,-0.6781191937959448,-0.731022969006651,0.7656515065837306,-0.08173788943641119,-0.6500121172954196,0.5214568691601367,-0.36732066402778907,-0.027814241861216615,-0.7309037194326798,-0.36735889120976767,0.7510631484195585,-0.1576835193242011,-0.27748337237795195
E-MTAB-4945_Sample_14,E-MTAB-4945,20KD0031,microarray|E-MTAB-4945|20KD0031,E-MTAB-4945,microarray,keloid,keloid,unknown,dermis,keloid,existing,False,0.31534251555052917,0.33799464530945267,0.21163144957474062,0.21587466677437597,0.5051565823841451,-0.4961830519428063,0.13709149006830568,0.4367729622748202,-0.3728937784419851,0.16930891025123196,0.07159806931092982,0.5001702191499428,0.17545411007120348,-0.5482297208405941,0.31753372647225137,0.2904973476586694
E-MTAB-4945_Sample_15,E-MTAB-4945,20KD0031,microarray|E-MTAB-4945|20KD0031,E-MTAB-4945,microarray,keloid,keloid,unknown,epidermis,keloid,existing,False,-0.6389833589142904,-0.871320092783862,-0.5471853253782326,-0.72948642862913,-0.768401459460915,0.8610280851980504,-0.04471506404215014,-0.5680588092737701,0.602178252147454,-0.35943432425882543,0.009476734792794206,-0.7791017044995556,-0.41694459510922877,0.8401281548244146,-0.037643436080305015,-0.16939978996687938
E-MTAB-4945_Sample_16,E-MTAB-4945,20KD0031,microarray|E-MTAB-4945|20KD0031,E-MTAB-4945,microarray,keloid,keloid,unknown,dermis,keloid,existing,False,0.536895145003635,0.6769500190414641,0.10619943914232632,0.4922853219161483,0.4732611681072783,-0.5624511942267818,0.11282548401863379,0.5761622505856692,-0.5933747004335299,0.04693432425882538,-0.005836497293804088,0.5256049992498817,0.1588880361903222,-0.6276528221758046,0.23317426978869737,0.27734335029754686
E-MTAB-4945_Sample_21,E-MTAB-4945,02ss0086,microarray|E-MTAB-4945|02ss0086,E-MTAB-4945,microarray,normal,normal,unknown,epidermis,non_keloid,existing,False,-0.6235802568866629,-0.726094307179209,-0.40351459268576967,-0.6769630018579853,-0.7224331529202681,0.7745711823787598,-0.07448546373338355,-0.6100401890298086,0.5857088281228964,-0.38406272719928913,-0.08868850472574519,-0.703140687569963,-0.3392525359768271,0.7896581768663521,-0.10974519058774651,-0.24859304736516147
E-MTAB-4945_Sample_22,E-MTAB-4945,02ss0086,microarray|E-MTAB-4945|02ss0086,E-MTAB-4945,microarray,normal,normal,unknown,dermis,non_keloid,existing,False,-0.022142337830196257,0.10612731238387585,0.002709081047395978,-0.06292410533968817,0.16871987505722053,-0.23225489404098337,0.2713152202206246,0.22225139348897327,-0.2323028583353528,-0.0027869779465222733,-0.12301074400193868,0.43357702560788425,-0.0010718036305725764,-0.31451161529318084,0.33975838497609234,0.2584565258367666
E-MTAB-4945_Sample_33,E-MTAB-4945,19KD0014,microarray|E-MTAB-4945|19KD0014,E-MTAB-4945,microarray,keloid,keloid,unknown,epidermis,keloid,existing,False,-0.6447532110832862,-0.7967121738427984,-0.6250274081682111,-0.6243234510057355,-0.7151425801761048,0.7632549748229529,0.27853174282611226,-0.37750424105339686,0.6271668080351132,-0.36905242749818246,0.00627574925276686,-0.6593308944872076,-0.46791080516542993,0.6470505925934475,0.07070441877372974,-0.1563427309691144
E-MTAB-4945_Sample_34,E-MTAB-4945,19KD0014,microarray|E-MTAB-4945|19KD0014,E-MTAB-4945,microarray,keloid,keloid,unknown,dermis,keloid,existing,False,0.10922126181436309,0.0012896264410926506,-0.06963694274866411,0.18013369415946368,0.2312956081535935,-0.252995664700972,0.050322679089138456,0.15464193392034908,-0.22174061582788063,-0.010077550690685833,-0.27367921479925683,0.26043241434226183,0.04999538388745928,-0.3165556876276643,0.05247654437815186,-0.024579260575706252
E-MTAB-4945_Sample_35,E-MTAB-4945,19KD0015,microarray|E-MTAB-4945|19KD0015,E-MTAB-4945,microarray,keloid,keloid,unknown,epidermis,keloid,existing,False,-0.7302407302690039,-0.7872722236968137,-0.4210413949892099,-0.7468343565716131,-0.7664626921937691,0.7767994183698199,0.21329357065280805,-0.35272437192018746,0.7414076594770713,-0.199738468373859,-0.14154515712093063,-0.6293146226905011,-0.5160871522047709,0.6565092956966291,0.01846733523363303,-0.07409860785739292
E-MTAB-4945_Sample_36,E-MTAB-4945,19KD0015,microarray|E-MTAB-4945|19KD0015,E-MTAB-4945,microarray,keloid,keloid,unknown,dermis,keloid,existing,False,0.1835467323693351,0.03694621074861815,0.04062467542958692,0.20303033362953382,0.19199518000915528,-0.2947330155909201,-0.05398928292538441,0.11506381775587693,-0.23068385303067018,0.06156090960497618,-0.15545985136117624,0.04085836612696625,0.1650101554475898,-0.29127670132597827,-0.05387868856242706,0.0815278563158035
E-MTAB-4945_Sample_37,E-MTAB-4945,19KD0023,microarray|E-MTAB-4945|19KD0023,E-MTAB-4945,microarray,keloid,keloid,unknown,epidermis,keloid,existing,False,-0.3210820744809758,-0.4625431318015534,-0.5712266165049104,-0.5752887955408352,-0.3838557234025366,0.311185610038506,0.2626895010367021,-0.5894205913240165,0.4744569095511215,-0.24841465384926087,-0.19133714354955966,-0.5175498828661443,-0.15634917429286938,0.30339832435114766,0.05795817802038006,-0.3013382879607938
E-MTAB-4945_Sample_38,E-MTAB-4945,19KD0023,microarray|E-MTAB-4945|19KD0023,E-MTAB-4945,microarray,keloid,keloid,unknown,dermis,keloid,existing,False,0.8452439615477827,0.7838591854869421,0.5122096176704789,0.39231763470393416,0.811990063817756,-0.8345719901984544,-0.09829594923301999,0.26327853623071334,-0.7331948259148557,0.37529788351240007,0.05246788916713796,0.47268126896933754,0.41412011124831216,-0.815336745409853,0.08462007470408806,0.2149554352801789
E-MTAB-4945_Sample_39,E-MTAB-4945,19KD0023,microarray|E-MTAB-4945|19KD0023,E-MTAB-4945,microarray,keloid,keloid,unknown,epidermis,keloid,existing,False,-0.6079691412876645,-0.790056316572998,-0.5737683634727015,-0.5269862266742062,-0.6788580122250046,0.740602364218973,0.03505488686036384,-0.5052255836497294,0.5712286600963998,-0.39890136521528397,0.059601946845464104,-0.694023865301836,-0.4086572305632812,0.6295064798679793,-0.02225254751710848,-0.21678918598702104
E-MTAB-4945_Sample_40,E-MTAB-4945,19KD0023,microarray|E-MTAB-4945|19KD0023,E-MTAB-4945,microarray,keloid,keloid,unknown,dermis,keloid,existing,False,-0.24321633411422572,-0.10348170288391634,-0.33979492920037385,0.1451046126504565,0.06447074346339232,-0.0771400490077283,0.20955740456507888,-0.016030172065594983,0.01452981527856323,0.012415178932062343,-0.29029000727037735,-0.14071642066633594,0.03827911324478095,-0.1668335199012153,0.2335108613281327,0.10086436707326918
JKR491-163/BA_Normal_Normal_410,GSE158395,JKR491-163/BA,bulk_rnaseq|GSE158395|JKR491-163/BA,bulk_rnaseq,bulk_rnaseq,normal,normal,control,bulk_tissue,non_keloid,unknown,False,-0.661668495063329,-0.7573052757554602,-0.19054980125090826,-0.614297646354842,-0.5836325255144442,0.6014760147601476,-0.07461520561151555,-0.5892714670389947,0.5333682390877963,-0.0663209334796051,-0.26828812207041,-0.31323996637649776,-0.35628564779856287,0.6655672541281397,-0.2767195239519963,-0.26314617200226065
JKR782-003_Keloid_LS_K5,GSE158395,JKR782-003,bulk_rnaseq|GSE158395|JKR782-003,bulk_rnaseq,bulk_rnaseq,keloid,keloid,lesional,bulk_tissue,keloid,unknown,False,0.9114790066819587,0.9057045975865164,0.6889968513584749,0.7436982646853496,0.8651474352581364,-0.8881852332036835,-0.1840696785346232,0.6188042285828264,-0.504720587746418,0.43719457464844924,0.14260870649247026,0.6023878385502003,0.5955254147136066,-0.8041680320278106,0.09447824207971811,0.05061999268641326
JKR782-003_Keloid_LS_K4,GSE158395,JKR782-003,bulk_rnaseq|GSE158395|JKR782-003,bulk_rnaseq,bulk_rnaseq,keloid,keloid,lesional,bulk_tissue,keloid,unknown,False,0.5263338984741197,0.6806622120275257,-0.14834233284417786,0.42229106412685746,0.37676606495794696,-0.47581529869352757,-0.03595846769278499,0.3691532861274559,-0.28641002626242484,-0.14250274259499346,0.05860426847511713,0.2526393024548006,0.2165201574795672,-0.5311231104589038,0.12567733785445956,0.1389681194109239
JKR782-004_Keloid_NL_K6,GSE158395,JKR782-004,bulk_rnaseq|GSE158395|JKR782-004,bulk_rnaseq,bulk_rnaseq,keloid,keloid,non_lesional,bulk_tissue,non_keloid,unknown,False,-0.2699760646255111,-0.3521491971676473,-0.26905925429910665,0.06712501246634095,-0.4833782121605,0.483743891492969,-0.046413572243830525,-0.006607160666201262,0.3320576111166516,-0.03767328213822685,0.10360775905056346,0.10592115573665395,-0.3198601870188586,0.5146141133226004,-0.2146870117349822,0.3372062098999369
JKR782-001_Keloid_LS_K2,GSE158395,JKR782-001,bulk_rnaseq|GSE158395|JKR782-001,bulk_rnaseq,bulk_rnaseq,keloid,keloid,lesional,bulk_tissue,keloid,unknown,False,0.5909693826667995,0.7083517360270128,-0.1063913148783997,0.3846302483295103,0.46800305840896245,-0.5671187792959009,-0.10934366100417758,0.3377381071108009,-0.34957697549948463,-0.10214919716764731,0.006345367507729072,0.22157318098277512,0.303760798225743,-0.5832858425109346,0.09466108174595256,0.06898374389149298
N2_Normal_Normal_N2,GSE158395,N2,bulk_rnaseq|GSE158395|N2,bulk_rnaseq,bulk_rnaseq,normal,normal,control,bulk_tissue,non_keloid,unknown,False,-0.6086715867158671,-0.6672270583709698,-0.2553818974483182,-0.4478470629300888,-0.48536451580732015,0.508410624646787,0.23609587447225822,-0.3801361324424055,0.08961221368970451,-0.230452777500748,-0.026702902164156717,-0.4137329211129949,-0.4041136550361643,0.3528366268218667,0.19497357135733506,-0.07780658887669961
JKR782-003_Keloid_NL_K3,GSE158395,JKR782-003,bulk_rnaseq|GSE158395|JKR782-003,bulk_rnaseq,bulk_rnaseq,keloid,keloid,non_lesional,bulk_tissue,non_keloid,unknown,False,-0.1321581729330807,-0.11786747211101455,-0.08361709099716483,0.038078438216814586,-0.2947541637578538,0.2597653003557062,-0.04653546535465354,0.16101525880123665,0.06108922575712239,0.19260496659020643,0.23592550114690336,0.14823547849378108,-0.18524745093010775,0.24789140748550342,-0.03859579136331903,-0.000920847046308293
N20_Normal_Normal_N20,GSE158395,N20,bulk_rnaseq|GSE158395|N20,bulk_rnaseq,bulk_rnaseq,normal,normal,control,bulk_tissue,non_keloid,unknown,False,-0.07353645158073202,-0.2074897776004787,0.39788998276083154,-0.13461778198863072,0.1146238489411921,-0.06216548651973003,-0.0028035415489289783,-0.20843721950733024,0.1565398424254513,0.4512566071606663,-0.24944524783085664,0.1217142287252988,0.07851182758931827,-0.026610295060479516,-0.038346464545726516,-0.09257338519331132
N3_Normal_Normal_N3,GSE158395,N3,bulk_rnaseq|GSE158395|N3,bulk_rnaseq,bulk_rnaseq,normal,normal,control,bulk_tissue,non_keloid,unknown,False,-0.575097237458861,-0.4996153243385716,-0.11288093575916447,-0.6140607858781291,-0.17331538180246675,0.36094212293474276,-0.1041742849860931,-0.46884661414181705,0.3585818290615339,-0.4438391343372893,-0.3502293806721851,-0.31195771417173634,0.0030869034559071196,0.4474988958383791,-0.24699976729497025,-0.21574748179914233
N19_Normal_Normal_N19,GSE158395,N19,bulk_rnaseq|GSE158395|N19,bulk_rnaseq,bulk_rnaseq,normal,normal,control,bulk_tissue,non_keloid,unknown,False,-0.7349456467537648,-0.8192736753622363,-0.2702204049067517,-0.6532300289219108,-0.5265034407100828,0.7354808683221967,0.20603814146249566,-0.5888102124264487,0.6300197799275291,-0.2816894385160068,-0.07853794754163756,-0.5609212269728876,-0.3842244986156425,0.7058940859678866,0.022522522522522515,-0.05395764768458494
N1_Normal_Normal_N1,GSE158395,N1,bulk_rnaseq|GSE158395|N1,bulk_rnaseq,bulk_rnaseq,normal,normal,control,bulk_tissue,non_keloid,unknown,False,-0.4104168744390148,-0.22054737921896594,-0.2538716892960434,-0.1821020743991224,-0.18271500282570396,0.2505568298926234,0.37876622009463345,-0.19792809414580637,0.040557162328380136,-0.01007280343073691,-0.0393562381569762,-0.17452164869139053,-0.20248187037854948,0.13901750986621841,0.3243908114756822,0.15641434792726305
JKR782-004_Keloid_LS_K7,GSE158395,JKR782-004,bulk_rnaseq|GSE158395|JKR782-004,bulk_rnaseq,bulk_rnaseq,keloid,keloid,lesional,bulk_tissue,keloid,unknown,False,0.7855938964795055,0.7063927396030715,0.6634515379902833,0.5318452677770021,0.6768890661879593,-0.6311292842658157,-0.19289030728145118,0.38683055749476414,-0.3554610883946677,0.2482547122768525,0.11229679864366221,0.49294761287381206,0.5058105021204653,-0.5285621678610608,-0.012665802333699072,0.1041953392506898
JKR782-001_Keloid_NL_K1,GSE158395,JKR782-001,bulk_rnaseq|GSE158395|JKR782-001,bulk_rnaseq,bulk_rnaseq,keloid,keloid,non_lesional,bulk_tissue,non_keloid,unknown,False,-0.6301136930288221,-0.5606006639216972,-0.5255239424981124,-0.3775493667098833,-0.5933064060370332,0.5542036501446096,0.6518455725097791,-0.35258551909843416,0.3043407798942855,-0.47435673681061147,-0.15981849007679272,-0.6690578295744347,-0.5294134408525553,0.3327907506874297,0.30510953758186227,-0.1620258635018783
Control_N_1,Sun_Burns,unknown,bulk_rnaseq|Sun_Burns|accession,bulk_rnaseq,bulk_rnaseq,normal,normal,unknown,bulk_tissue,non_keloid,unknown,False,-0.1558342475316645,-0.045334739061676316,0.23002892191084068,0.1985015458262691,-0.16454738871713043,0.23082676772713673,0.19229746351517568,0.02858531963698019,0.052740932814733577,0.29686097536651035,0.364590605365513,0.4014874125575234,0.030023697920376874,0.23849534827394606,0.03231275555998803,0.6529104750506965
Control_N_2,Sun_Burns,unknown,bulk_rnaseq|Sun_Burns|accession,bulk_rnaseq,bulk_rnaseq,normal,normal,unknown,bulk_tissue,non_keloid,unknown,False,-0.21747282337688242,-0.05827123908304721,-0.28464574221031785,0.15201456068614738,-0.330715401748612,0.3405305674678369,0.12351650543532464,0.1580358033310063,0.022996243475948308,-0.22706193278148995,0.4552084372195073,0.4514810012964995,-0.2038496060636282,0.27412415050791433,0.024384162760546516,0.37735447624746515
Control_N_3,Sun_Burns,unknown,bulk_rnaseq|Sun_Burns|accession,bulk_rnaseq,bulk_rnaseq,normal,normal,unknown,bulk_tissue,non_keloid,unknown,False,0.10333599281938766,0.2222784196953938,0.31305475216914325,0.6256856487483794,0.11273727602140884,-0.019563844287091514,0.40064603348736194,0.4016655031415179,-0.15047288986403368,0.47069163259200164,0.7020045876134438,0.6005855618401743,0.19966091552807422,-0.03447121343800311,0.2558093148499052,0.6000864332967654
Control_N_4,Sun_Burns,unknown,bulk_rnaseq|Sun_Burns|accession,bulk_rnaseq,bulk_rnaseq,normal,normal,unknown,bulk_tissue,non_keloid,unknown,False,-0.4229330806821581,-0.5387667583239538,-0.13908162247645633,0.00623317043981253,-0.3073950334097935,0.3287955852531498,0.3569584344492093,0.06999850403909447,0.4472964662079053,-0.29429290914530765,-0.18699511319437512,-0.43540298337346306,-0.32668936727977316,0.2471647979028052,0.1711545493833318,-0.48949170572786815
Control_N_5,Sun_Burns,unknown,bulk_rnaseq|Sun_Burns|accession,bulk_rnaseq,bulk_rnaseq,normal,normal,unknown,bulk_tissue,non_keloid,unknown,False,-0.5033758851102025,-0.6603670090754962,-0.21811110002991912,-0.2361000299192182,-0.3912103985904723,0.4173066054984874,0.2635606085790588,-0.17232222997905655,0.5456600511951065,-0.2706567268375386,-0.1780318141019248,-0.6218567011924945,-0.4453071943846851,0.3060629158415136,0.11419168245736505,-0.49905920680828425
Control_N_6,Sun_Burns,unknown,bulk_rnaseq|Sun_Burns|accession,bulk_rnaseq,bulk_rnaseq,normal,normal,unknown,bulk_tissue,non_keloid,unknown,False,-0.48700009973072705,-0.5948011796720284,-0.2707689239054553,-0.31738057245437323,-0.513895814633822,0.5121671486985141,0.020466961426371028,-0.35319636980153585,0.3228325188657293,0.01846265084272458,0.033509524284432046,-0.13928820755389026,-0.41781950638039195,0.490856829417715,-0.1836208902629567,0.00837738107110797
Control_N_7,Sun_Burns,unknown,bulk_rnaseq|Sun_Burns|accession,bulk_rnaseq,bulk_rnaseq,normal,normal,unknown,bulk_tissue,non_keloid,unknown,False,-0.4981150892590006,-0.6162005442448246,-0.2713601846443174,-0.4041961703400817,-0.4666566935939631,0.46255111199760657,0.26588211828064234,-0.16204996509424552,0.42224327648681903,-0.11273312057444895,-0.02610451780193468,-0.49612474889227653,-0.5083227666253498,0.3398288905668979,0.17607459858382363,-0.30526245802998564
Control_N_8,Sun_Burns,unknown,bulk_rnaseq|Sun_Burns|accession,bulk_rnaseq,bulk_rnaseq,normal,normal,unknown,bulk_tissue,non_keloid,unknown,False,0.02036002792460359,0.13519212412201334,0.32012851016541055,0.43283135534058037,0.11367640703434059,-0.07454871846015754,0.14193898695743717,0.33171686446594195,-0.16536185632126588,0.4962226987134736,0.333075695621821,0.5100941743008164,0.1745382704792299,-0.06986849791277835,0.19887969149961776,0.374535421029886
Treat_K_1,Sun_Burns,unknown,bulk_rnaseq|Sun_Burns|accession,bulk_rnaseq,bulk_rnaseq,keloid,keloid,unknown,bulk_tissue,keloid,unknown,False,0.23851102024533755,0.23626921597401307,0.1641567767029023,-0.0030542535155080874,0.10738506033708983,-0.12662477976131103,-0.41584388816861145,0.014049566171337402,-0.10339167580865005,-0.20806322928094145,0.05846713872544135,0.13924546581373154,0.11789596660445362,-0.11341520751114842,-0.3810212426448588,0.009501013929058222
Treat_K_2,Sun_Burns,unknown,bulk_rnaseq|Sun_Burns|accession,bulk_rnaseq,bulk_rnaseq,keloid,keloid,unknown,bulk_tissue,keloid,unknown,False,0.5795252817393038,0.687999544088105,0.28903389419994585,0.29451730328114084,0.5727784980552507,-0.557710847378744,-0.5006870338973659,0.16469282936072605,-0.44408846115488176,0.08095641767228481,-0.08037049965094245,0.3581045462964282,0.6422896275294799,-0.41497243157759756,-0.2971643229945813,-0.01658854426382106
Treat_K_3,Sun_Burns,unknown,bulk_rnaseq|Sun_Burns|accession,bulk_rnaseq,bulk_rnaseq,keloid,keloid,unknown,bulk_tissue,keloid,unknown,False,-0.14441009274957622,0.1173759420991893,-0.1813745743635043,0.23121322429440508,-0.07537980785213255,0.1284365546358166,0.2786476513413783,0.30203450683155475,-0.07129500349057549,-0.2122269871347363,0.28587812905156074,0.5374417643790338,-0.10329253871689292,-0.0016776133012295635,0.3311060137628403,0.4677437585186663
Treat_K_4,Sun_Burns,unknown,bulk_rnaseq|Sun_Burns|accession,bulk_rnaseq,bulk_rnaseq,keloid,keloid,unknown,bulk_tissue,keloid,unknown,False,-0.1569262989927197,-0.28796535069597806,-0.3185969311430566,-0.42214770120674183,-0.1976164356238156,0.22992919118380373,-0.056929623350287506,-0.4608307569562182,0.2072986270403243,-0.19226837538645652,-0.13822678767328217,-0.5924005185997806,-0.2913039555105974,0.17838977617575402,0.04773777467504414,-0.2409228416608491
Treat_K_5,Sun_Burns,unknown,bulk_rnaseq|Sun_Burns|accession,bulk_rnaseq,bulk_rnaseq,keloid,keloid,unknown,bulk_tissue,keloid,unknown,False,0.22307270370000976,0.2102608670874353,-0.049673025687785755,-0.23471626608157975,0.09945646753764836,-0.14266480502642864,-0.6553084449763416,-0.27080632292809415,-0.24127771683122234,-0.31830308167946547,-0.12226987134736206,0.002863696590634013,0.2413341121828208,-0.004170881477154609,-0.5767261726671321,0.004361557129084703
Treat_K_6,Sun_Burns,unknown,bulk_rnaseq|Sun_Burns|accession,bulk_rnaseq,bulk_rnaseq,keloid,keloid,unknown,bulk_tissue,keloid,unknown,False,-0.01749276952228984,-0.11154169456752494,-0.19012950747268087,-0.6516904358232771,-0.16983311725009143,0.09183537781323758,-0.5578936870449785,-0.45379974070010975,0.007916126458561878,-0.28586566271068115,-0.279221103021841,-0.45699468577697366,-0.021992999852778583,0.20410605650458036,-0.6193111931119311,-0.2333831986968517
Treat_K_7,Sun_Burns,unknown,bulk_rnaseq|Sun_Burns|accession,bulk_rnaseq,bulk_rnaseq,keloid,keloid,unknown,bulk_tissue,keloid,unknown,False,0.18973272165154084,0.3871048169941158,0.17770590833321465,0.3974518799242047,0.40525580931484995,-0.3693195040058509,0.3939917777556153,0.45287723147501746,-0.2856578903626875,0.3620225391443104,0.25432582028522993,0.7480873071278975,0.25986978016498313,-0.4394670105002208,0.4833449685848209,0.49689837438914913
Treat_K_8,Sun_Burns,unknown,bulk_rnaseq|Sun_Burns|accession,bulk_rnaseq,bulk_rnaseq,keloid,keloid,unknown,bulk_tissue,keloid,unknown,False,0.19164256507429944,0.2001880636566984,0.004886805624813029,0.015645257803929558,0.12001761909510988,-0.1908347461852996,-0.09801314229358515,-0.1020370000997306,-0.22133157142382243,-0.08736411688441215,-0.0964271467038994,-0.16387183176851072,0.024899438183570988,-0.16478365555856322,0.01780193477610459,-0.05815631129284271
Treat_K_9,Sun_Burns,unknown,bulk_rnaseq|Sun_Burns|accession,bulk_rnaseq,bulk_rnaseq,keloid,keloid,unknown,bulk_tissue,keloid,unknown,False,0.2550114690336093,0.20500363304791347,0.029206855775121388,0.015707589508327624,0.24664239885642114,-0.31686114158438883,-0.11184246977604917,-0.06381519896280041,-0.12685332934410432,-0.1270195472224993,-0.35676174329310856,-0.3882659676017609,0.06688607426614812,-0.2841613358218523,0.0029254346597520353,-0.5485721884245869
Treat_K_10,Sun_Burns,unknown,bulk_rnaseq|Sun_Burns|accession,bulk_rnaseq,bulk_rnaseq,keloid,keloid,unknown,bulk_tissue,keloid,unknown,False,-0.32995412386556305,-0.5069526563991509,-0.24100642550827062,-0.3551785180013963,-0.209642299125694,0.17451215052691083,0.1402546457897012,-0.33088161962700713,0.16366643396163694,-0.07970978358432235,-0.14009673880522588,-0.2767029021641568,-0.2708306619745735,0.16966689937169654,0.1511751604002527,0.049386656028722276
Treat_K_11,Sun_Burns,unknown,bulk_rnaseq|Sun_Burns|accession,bulk_rnaseq,bulk_rnaseq,keloid,keloid,unknown,bulk_tissue,keloid,unknown,False,0.09649945148100114,0.013962301785180098,-0.1368448047414837,-0.5125162062431435,-0.10043715302017875,-0.02260563146172012,-0.6315503695577497,-0.44038595791363316,-0.029266812938399722,-0.23310810810810817,-0.3173805724543731,-0.5205374061462622,0.00866707508773934,0.09749034749034735,-0.5010471726338886,-0.39398956151723674
Treat_K_12,Sun_Burns,unknown,bulk_rnaseq|Sun_Burns|accession,bulk_rnaseq,bulk_rnaseq,keloid,keloid,unknown,bulk_tissue,keloid,unknown,False,0.15611349356736814,0.0799555485902349,-0.07152830215560846,-0.37154682357634383,0.1024982547122768,-0.14801702071074763,-0.09322606739580908,-0.13704248528971774,-0.05241680795186332,-0.2001221701406204,-0.4423681061134936,-0.5164341990910257,0.015966414490399594,-0.11977304135975719,-0.0658222798444199,-0.33185066985804995
Treat_K_13,Sun_Burns,unknown,bulk_rnaseq|Sun_Burns|accession,bulk_rnaseq,bulk_rnaseq,keloid,keloid,unknown,bulk_tissue,keloid,unknown,False,0.12409494365213936,0.04710139765490318,0.04098932881220707,-0.4202154183703999,0.061134935673681,-0.06033708985738506,-0.5852420686369025,-0.31890146604168734,-0.1696128785612181,-0.21715119178218806,-0.25597137728134034,-0.20729743976976445,0.14619099858952267,0.08599638119933328,-0.6204580964728567,0.1126890728366744
Treat_K_14,Sun_Burns,unknown,bulk_rnaseq|Sun_Burns|accession,bulk_rnaseq,bulk_rnaseq,keloid,keloid,unknown,bulk_tissue,keloid,unknown,False,0.34249526279046566,0.3907449885309664,0.025744774822265587,0.5482322728632691,0.39735214919716766,-0.44321997274026803,0.374062254136055,0.5313777799940163,-0.1896504438017353,0.2080258302583026,-0.24999999999999994,0.3818262120845147,0.1856178793448166,-0.49783085668694527,0.4996176988796915,0.07099498022007256
Treat_K_15,Sun_Burns,unknown,bulk_rnaseq|Sun_Burns|accession,bulk_rnaseq,bulk_rnaseq,keloid,keloid,unknown,bulk_tissue,keloid,unknown,False,0.2237857783983246,0.20598669307156403,0.08958668737266523,-0.2803804727236462,0.2601476014760148,-0.317293308068216,-0.38117083873541435,-0.32507230477710186,-0.07968485090256305,-0.09504338286626113,-0.43083674079984047,-0.08062516918605478,0.21230297245057395,-0.23503682913277024,-0.31064459293241586,-0.19077158339150968
Treat_K_16,Sun_Burns,unknown,bulk_rnaseq|Sun_Burns|accession,bulk_rnaseq,bulk_rnaseq,keloid,keloid,unknown,bulk_tissue,keloid,unknown,False,-0.06545826269073496,-0.24120588696234468,-0.19046431777059075,-0.11414181709384663,-0.10032080050530234,0.06745121505269114,0.2700597276243033,-0.10168794255510127,0.19775772082045145,0.025169542235962905,-0.1380397925600878,-0.4442433999629572,-0.24370865330274927,0.012452093632905448,0.23305408729762978,-0.2445330939795884
Treat_K_17,Sun_Burns,unknown,bulk_rnaseq|Sun_Burns|accession,bulk_rnaseq,bulk_rnaseq,keloid,keloid,unknown,bulk_tissue,keloid,unknown,False,0.1381220704098931,0.06607873028537214,-0.09391072675205514,-0.13006133439712786,0.18593131877264701,-0.2776004787074896,-0.030844497634165524,-0.19705545028423266,-0.023366078255377287,-0.05781888899970078,-0.4734092949037598,-0.49785578936870456,0.04399549787003665,-0.2361694852469759,0.02298793258202836,-0.5991090721718029
GSE181297_Ke01_all_barcodes,GSE181297,Ke01,scrna_pseudobulk|GSE181297|Ke01,GPL24676,scrna_pseudobulk,keloid,keloid,lesional,all_barcodes,keloid,unknown,False,-0.10931313737252546,-0.1578184363127374,-0.10319602746117429,-0.0014122175564886819,-0.16794141171765642,0.09069852696127434,-0.37072030038436754,-0.2950784843031393,0.007094414450443232,-0.28996700659868024,-0.21464278572856843,0.02430228240066279,-0.06471919901733936,0.13826877481646516,-0.48405080888584173,0.20185296274078524
GSE181297_Ke02_all_barcodes,GSE181297,Ke02,scrna_pseudobulk|GSE181297|Ke02,GPL24676,scrna_pseudobulk,keloid,keloid,lesional,all_barcodes,keloid,unknown,False,0.7941561687662468,0.7265332647756164,0.6424381790308606,0.543241351729654,0.7526578017729787,-0.6786975938145704,-0.2845097647137239,0.20892071585682861,-0.6708616610011331,0.4005323935212957,0.22057731310880685,0.5672079869740339,0.4136529836889765,-0.6405576027651612,-0.06487750069033815,0.22526827967739793
GSE181297_Pt1_all_barcodes,GSE181297,Pt1,spatial_pseudobulk|GSE181297|Pt1,GPL24676,spatial_pseudobulk,keloid,keloid,lesional,all_barcodes,keloid,unknown,False,-0.17416516696660678,-0.1807209986574113,-0.20247617143238028,-0.8398195360927815,-0.2448676931280409,0.1327067919749385,-0.7673743029171943,-0.6135897820435914,0.11997600479904014,-0.29559088182363547,-0.4691633101951038,-0.38390893249921454,0.05922386951181202,0.33115162681749377,-0.653574047095343,-0.14423781910284605
GSE181297_Pt2_all_barcodes,GSE181297,Pt2,spatial_pseudobulk|GSE181297|Pt2,GPL24676,spatial_pseudobulk,keloid,keloid,lesional,all_barcodes,keloid,unknown,False,0.2555588882223555,0.2339175022138429,0.08838232353529285,-0.21421965606878624,0.13646437379190823,-0.1594847697127243,-0.22902641693883452,0.039379624075184916,-0.1726779644071187,-0.14715806838632273,-0.08773245350929815,-0.21764932727740172,0.17374739337846712,-0.0579526951752507,-0.10176536121347168,-0.33790575218289665
GSE181297_NSV1_all_barcodes,GSE181297,NSV1,spatial_pseudobulk|GSE181297|NSV1,GPL24676,spatial_pseudobulk,adjacent_normal,normal,control,all_barcodes,non_keloid,unknown,False,-0.573620275944811,-0.4760190818979062,-0.4620409251483037,-0.15410667866426708,-0.3366076784643072,0.36479370792508165,0.6433768801795197,-0.012260047990401923,0.3991826634673065,-0.2661592681463708,-0.06218042105864546,-0.3545862256120204,-0.33212643185648594,0.22080226811780496,0.3793812666038222,-0.0131906951942945
GSE181297_NSV2_all_barcodes,GSE181297,NSV2,spatial_pseudobulk|GSE181297|NSV2,GPL24676,spatial_pseudobulk,adjacent_normal,normal,control,all_barcodes,non_keloid,unknown,False,-0.24072185562887422,-0.22007027165995374,-0.04467439845364263,0.03375574885022997,-0.31423715256948614,0.3053889222155569,0.4527205669977115,0.28340581883623267,0.2994609411451043,0.30713857228554287,0.2763590139115034,-0.03495015282657757,-0.26410075127831584,0.17468649127317398,0.31111872863522533,-0.017656468706258754
KC1,GSE173900,KC1,bulk_rnaseq|GSE173900|KC1,GPL21697,bulk_rnaseq,normal,normal,unknown,bulk_tissue,non_keloid,development,False,0.3455836254706658,0.03329835634660083,0.8738774904541975,0.052498933466881836,0.4557180086435551,-0.04105070514841813,0.4906820041342327,-0.015383323337805566,-0.1734198307149173,0.06249420362435776,-0.4791840557935934,-0.06468887705324189,0.21859291822009508,-0.20083017348055465,0.33493158731041983,0.2941325221498834
KC2,GSE173900,KC2,bulk_rnaseq|GSE173900|KC2,GPL21697,bulk_rnaseq,normal,normal,unknown,bulk_tissue,non_keloid,development,False,0.6589468217313079,0.7895630791407321,0.2545609195767785,0.1614592027896797,0.6529648074985006,-0.3685752972381429,-0.25467522778468193,0.28166830510884816,-0.5368324893810398,0.35483672769090946,0.2434350249476008,0.2803749956941209,0.46121462885972375,-0.28578582955078424,0.08426229913626265,0.34046581220361205
KC3,GSE173900,KC3,bulk_rnaseq|GSE173900|KC3,GPL21697,bulk_rnaseq,normal,normal,unknown,bulk_tissue,non_keloid,development,False,0.279812382913212,0.06081226102371273,0.3482972566913361,-0.5276104557342385,0.4670054841442076,-0.3246866865752849,-0.9411150062755428,-0.6195336313443264,-0.13685667958872005,-0.0970974069333927,-0.5457542707695732,-0.7258347443367754,0.6867290820395823,-0.0450570495851782,-0.9167097254571519,-0.8863842363313733
KC4,GSE173900,KC4,bulk_rnaseq|GSE173900|KC4,GPL21697,bulk_rnaseq,normal,normal,unknown,bulk_tissue,non_keloid,development,False,0.8096716005416132,0.8994981332358218,0.24743104631535986,0.3327363066421828,0.7418263374943581,-0.7230522632141907,0.11969953649604193,0.459958637063417,-0.09400407446565145,-0.02783071800864355,0.14549482499582667,-0.024885331128723258,0.5402063112262878,-0.7487088987283744,0.07940570919815271,-0.421682463722417
KL3,GSE173900,KL3,bulk_rnaseq|GSE173900|KL3,GPL21697,bulk_rnaseq,keloid,keloid,unknown,bulk_tissue,keloid,development,False,-0.9866488602006938,-0.9851122575790097,-0.6959466441966023,-0.1555932706397345,-0.9679584082997916,0.9559846419230985,0.6215414958667979,-0.296978465305214,0.948061769270244,-0.25451073952478986,-0.1532179159015451,-0.45373498573097937,-0.9490856300229736,0.7299630886799103,0.6057192672851235,-0.13459276983287893
KL5,GSE173900,KL5,bulk_rnaseq|GSE173900|KL5,GPL21697,bulk_rnaseq,keloid,keloid,unknown,bulk_tissue,keloid,development,False,-0.9009139725112681,-0.9256381312749907,-0.2720129785818952,-0.503104538793983,-0.8830925132466505,0.8984583186491817,0.08235593559170432,-0.5878622348351357,0.8957170193954457,-0.5575046834715189,0.24096924674939246,-0.11497359502478866,-0.43255867257035807,0.9031932399023825,-0.179586070326708,0.6375784442836916
KL6,GSE173900,KL6,bulk_rnaseq|GSE173900|KL6,GPL21697,bulk_rnaseq,keloid,keloid,unknown,bulk_tissue,keloid,development,False,-0.16276918368482557,-0.03657811129571188,-0.35880956355609966,0.22484257043755684,-0.2600091814590173,0.176321109936379,0.017643652221583317,0.32530445141039993,0.06244821904426273,0.22300048225845348,0.3683503978632241,0.1245478826999054,-0.4558044574459911,0.05420174301983888,-0.008088428181912077,0.14619788671872586
KL7,GSE173900,KL7,bulk_rnaseq|GSE173900|KL7,GPL21697,bulk_rnaseq,keloid,keloid,unknown,bulk_tissue,keloid,development,False,0.8206703392502736,0.6767046643931626,0.1369991600223641,0.10951208428393897,0.3132191370046804,-0.5905919413375871,-0.885937116795166,0.06917471976455897,-0.5735185236708525,0.3470104612987591,0.28290486524585906,0.18047131489622173,0.26997927878513267,-0.43940568270043534,-0.6021562075760507,-0.09009700814274851
KL9,GSE173900,KL9,bulk_rnaseq|GSE173900|KL9,GPL21697,bulk_rnaseq,keloid,keloid,unknown,bulk_tissue,keloid,development,False,0.6353235768738523,0.8417841177982516,0.49924415261625205,0.6530162020291951,0.4639983244610143,-0.6054152059800049,0.028503226391490943,0.7362659387449326,-0.6737077173718151,0.4885359282547808,0.4071791590154509,0.8363467862243668,0.2180533584531693,-0.6399523306067182,0.310118683275436,0.2645558585127892
Keloid1,GSE190626,Keloid1,bulk_rnaseq|GSE190626|Keloid1,GPL24676,bulk_rnaseq,keloid,keloid,unknown,bulk_tissue,keloid,development,False,0.018923079776677287,0.00781881390918171,-0.473786470795541,-0.39516559085934744,-0.2559733583118481,-0.007102492286956252,0.03006695973141915,-0.20798632364488456,-0.07090880214419526,-0.613833861962792,-0.6847832387364828,-0.24754101184182975,-0.35445930083123334,-0.021253818983494654,-0.09205881080011635,0.010150303884653544
Keloid2,GSE190626,Keloid2,bulk_rnaseq|GSE190626|Keloid2,GPL24676,bulk_rnaseq,keloid,keloid,unknown,bulk_tissue,keloid,development,False,0.22753324801068409,0.045761557641809114,-0.19439255308155207,-0.5656149722701389,0.214893284860176,-0.15608634899436746,-0.6383437719618232,-0.5746413460369277,-0.10017856701228511,-0.1622324393003543,-0.5807753927624134,-0.6827203086454101,0.21865982495608005,-0.04910490711225235,-0.5906654725028772,-0.643546083504906
Keloid3,GSE190626,Keloid3,bulk_rnaseq|GSE190626|Keloid3,GPL24676,bulk_rnaseq,keloid,keloid,unknown,bulk_tissue,keloid,development,False,0.8209392910800736,0.9076004727192754,0.45536658266890306,0.8486114202511453,0.9400647030091691,-0.9294016903777071,-0.5468908756288423,0.40819674496153263,-0.8562933568898039,0.3503526514940738,0.29301664255374404,0.9395951413785703,0.6944601222604672,-0.7063761456950484,-0.05389591520023884,0.34507447183425133
Normal1,GSE190626,Normal1,bulk_rnaseq|GSE190626|Normal1,GPL24676,bulk_rnaseq,normal,normal,unknown,bulk_tissue,non_keloid,development,False,-0.8662372711590896,-0.8615063687263341,-0.3423273210012957,-0.8569593604510971,-0.8684006331187902,0.8767628710453261,-0.009772946949509195,-0.7034708182112333,0.801643195209566,-0.09748576410142262,0.17744966427392278,-0.6811324329409021,-0.42743467650261935,0.8711634617677687,-0.3052174888466692,-0.25513636166910886
Normal2,GSE190626,Normal2,bulk_rnaseq|GSE190626|Normal2,GPL24676,bulk_rnaseq,normal,normal,unknown,bulk_tissue,non_keloid,development,False,-0.8236923376551111,-0.8325642370909745,-0.7252968406771756,-0.5033526236714707,-0.6564619541359844,0.7683644637347826,0.4717811824400217,-0.5630779630557049,0.40448519682945977,-0.17093163986422577,0.019912289243781744,-0.440694796643269,-0.6830677599624793,0.571308006815213,0.5831820755308597,0.20500064919407196
Normal3,GSE190626,Normal3,bulk_rnaseq|GSE190626|Normal3,GPL24676,bulk_rnaseq,normal,normal,unknown,bulk_tissue,non_keloid,development,False,-0.8609430935024948,-0.8637427760598424,-0.3227309342300161,-0.7027560606903716,-0.8678294969055083,0.8728213356086041,0.40684683347862916,-0.2118747900423934,0.8268810011809149,-0.22757150408992266,0.06202875466028601,-0.7213095966782461,-0.45115874517410326,0.8545450871907385,-0.016274897917544384,-0.2872875435114598
GSE181316_GSM5494683_skin_7,GSE181316,skin_7,scrna_pseudobulk|GSE181316|skin_7,GPL20301,scrna_pseudobulk,normal,normal,unknown,all_barcodes,non_keloid,development,False,-0.9317483723777196,-0.9363551330052916,-0.5787585024550135,-0.2213786563537552,-0.7891757708406754,0.6725186875150706,0.5490754652042282,-0.5105267333996952,0.658209368179598,-0.27623671470702793,-0.3279519781870792,-0.6890784358927478,-0.3563326894388049,0.7306384492475974,0.15871116869948315,-0.3889123835314921
GSE181316_GSM5494684_keloid_1,GSE181316,keloid_1,scrna_pseudobulk|GSE181316|keloid_1,GPL20301,scrna_pseudobulk,keloid,keloid,unknown,all_barcodes,keloid,development,False,0.4389530354459963,0.4557428502534507,0.3350907944280601,0.16103606736779624,0.3018389194937522,-0.3441377775304657,-0.07608090812976476,0.39646745682859413,-0.5660029430131261,0.33530062322630905,-0.16764277632481972,0.4562476317665232,0.06558019401628545,-0.4012307527206531,-0.05108406577440028,0.03171653095419147
GSE181316_GSM5494685_keloid_2,GSE181316,keloid_2,scrna_pseudobulk|GSE181316|keloid_2,GPL20301,scrna_pseudobulk,keloid,keloid,unknown,all_barcodes,keloid,development,False,0.9246420158403352,0.9047486559032939,0.7866231574149887,0.3123794353866414,0.7601908012291406,-0.8985170552556897,-0.7997329030104057,0.6144338512459373,-0.6725438051428536,0.47559493999591934,0.017339278096191957,0.6865359799253294,0.7677296225930135,-0.5483368045342893,-0.48671492784229975,0.3565293466634516
GSE181316_GSM5494686_keloid_3L,GSE181316,keloid_3,scrna_pseudobulk|GSE181316|keloid_3,GPL20301,scrna_pseudobulk,keloid,keloid,unknown,all_barcodes,keloid,development,False,0.031444642294066516,-0.08686282926725852,-0.35211160308539424,-0.7744317233320349,-0.19763322389776117,0.14304063954890278,-0.23089102401605877,-0.42994886823833456,-0.009851520041548323,-0.3827706211859849,0.00976457440691475,-0.6852674017133424,-0.3466514172304056,0.0853895561897342,-0.3920019290338138,-0.3849795040157291
GSE181316_GSM5494687_keloid_3R,GSE181316,keloid_3,scrna_pseudobulk|GSE181316|keloid_3,GPL20301,scrna_pseudobulk,keloid,keloid,unknown,all_barcodes,keloid,development,False,0.9324898447498747,0.9331250612759711,0.41225678407805166,0.13073377478530224,0.5146060937683552,-0.6310815573238365,-0.6007487371629601,0.28678457267573065,-0.9281689944911247,0.550091119025096,0.4639732068332314,0.1988878908082069,0.11627397049744159,-0.695887355554319,-0.316649928941955,0.2644606433822393
